Идентификатор;Название;Последняя поставка;Адрес
0;АО «Панов-Бирюкова»;2021-01-12;клх Нальчик, ул. Малая, д. 78 стр. 9/9
1;АО «Пахомова»;2020-01-18;д. Руза, пр. Мирный, д. 4 к. 182
2;Маркова Лимитед;2021-11-03;с. Можга, наб. Волкова, д. 949 к. 11
3;Филатов Лимитед;2022-01-12;п. Териберка, пр. Шмидта, д. 5 стр. 1
4;НПО «Андреева»;2020-06-10;с. Ельня, ул. Плеханова, д. 42
5;ОАО «Дроздов-Орехова»;2021-06-19;ст. Усмань, бул. Коммунистический, д. 8
6;ВымпелКом;2022-07-28;к. Учалы, пр. Депутатский, д. 4 к. 5
7;ИП «Алексеева Харитонова»;2022-11-07;клх Смоленск, пер. Томский, д. 586 стр. 3/1
8;ООО «Сазонова-Лихачев»;2022-04-12;к. Завьялиха, ш. Матросова, д. 92 к. 68
9;ИП «Щербакова»;2022-04-16;п. Абинск, пр. Высотный, д. 2/3
