Идентификатор;Название;Формула;Стоимость за грамм
0;7-(3,5-Dichlorophenyl)Iminomethylhomocamptothecin;C28H21Cl2N3O4;49428
1;Azalanstat Dihydrochloride;C22H26Cl3N3O2S;48391
2;(3-Fluorophenyl)Methanamine HCl;C7H9ClFN;90624
3;DNDI64436;C21H21N3O2;51194
4;Narcissin;C28H32O16;81279
5;TCMDC-139249;C10H18BrN5O3S;7372
6;Stansin 4;C49H84O21;56260
7;Alpha-Cadinyl Cannabigerolate;C37H56O4;54687
8;DNDI61490;C24H36N2O2;200
9;Diallyl Tetrasulfide;C6H10S4;60517
10;EM1396;C28H37NO4;81196
11;DNDI67124;C13H11Cl2N3O;18753
12;TCMDC-134680;C35H27ClF3N5O4;76328
13;Dysoxylin C;C35H50O10;45165
14;Isopropylcarbamoylphosphonic Acid;C4H10NO4P;51673
15;Glycylryanodine;C27H38N2O10;90340
16;TCMDC-123483;C21H29ClN2O2;45654
17;Lejimalide B Phenyl Carbamate;C47H63N3O8;45693
18;Examorelin;C47H58N12O6;62637
19;TCMDC-134277;C16H10Cl4N4;7640
20;(E)-2-Styrylchromone;C17H12O2;30425
21;Ivomec;C95H146O28;23042
22;DNDI105030;C20H19FN4O2;79729
23;Tazeprofen;C16H13NO2S;21267
24;Dichlorodifluoromethane;CCl2F2;19114
25;DNDI1703785;C24H28F3N5;1560
26;Cefzon;C14H13N5O5S2;6936
27;balanitin 5;C51H82O21;4916
28;1,2,3-Trichlorobenzene;C6H3Cl3;35677
29;TCMDC-141806;C37H37F5N4O3S;8703
30;Cyclopropanecarboximidamide;C4H8N2;33717
31;TCMDC-123528;C14H16ClN5O;11334
32;DNDI61557;C20H22BrN3O;75685
33;1,3-Bis(3,4-Dimethoxystyryl)Benzene;C26H26O4;42451
34;DNDI62172;C17H19N3O2;52472
35;Asp-Tyr-Met;C18H25N3O7S;41871
36;Zoticasone;C25H30F2O6S;78425
37;TCMDC-139975;C32H40ClN3O3;88751
38;TCMDC-138008;C23H30N4;87045
39;enanderinanin J;C44H56O14;41301
40;Apglldlk;C38H67N9O11;52712
41;LAAM;C23H31NO2;38059
42;Eudesmine;C22H26O6;20836
43;TCMDC-139214;C26H29ClN4O2;56729
44;DNDI154629;C19H15ClFN3O2;54773
45;TCMDC-131380;C5H7NO2S2;1825
46;Permitil;C22H27ClF3N3OS;33362
47;TCMDC-141727;C28H33Cl2N5O;42027
48;1,4-Dioxane;C4H8O2;13511
49;Azadiradione;C28H34O5;79890
50;TCMDC-142844;C19H26Cl2N4O3;45446
51;Thiophene Carboxylic Acid;C5H4O2S;53242
52;Toddaquinoline;C14H9NO3;32162
53;N'-(5-Benzofurazanylmethylidene)Isoniazide;C13H9N5O2;71274
54;2'-O-(Phenethylamino)Ethyl Paromomycin;C37H65N7O16;53837
55;Quinosol;C9H9NO5S;741
56;TCMDC-124781;C24H21ClN4O2;43088
57;TCMDC-139174;C26H30ClN5O;61041
58;Nemifitide Ditriflutate;C37H45F7N10O10;94047
59;8-(4-Chlorophenyl)-NAD;C27H29ClN7O14P2;47661
60;5,7-Dichlorokynurenic Acid;C10H5Cl2NO3;59363
61;TCMDC-140166;C29H34F3N5O2S2;70796
62;TCMDC-137442;C17H22BrNO;46422
63;Fluorcombstatin;C17H17FO4;19789
64;TCMDC-141249;C35H36Cl2F3N5O3;3714
65;L-Prolinol;C5H11NO;92952
66;Hyposin-5;C74H130N24O17;19261
67;Larazotide Acetate;C34H59N9O12;95934
68;TCMDC-135202;C19H14ClN3S;13027
69;(S)-1-Methylspermidine;C8H21N3;64023
70;Dysinosin C;C25H42N6O10S;15987
71;Diiodostearate Calcium;C36H66CaI4O4;32032
72;Sinitrodil;C10H10N2O5;91835
73;Gly-Ile;C8H16N2O3;78097
74;TCMDC-134185;C21H18BrN3OS;90564
75;TCMDC-135814;C21H15ClF6N2O2;8375
76;TCMDC-125167;C27H33BrN4O3;64914
77;Bactobolin;C14H20Cl2N2O6;804
78;TCMDC-139506;C33H35Cl2N3O;51076
79;Mycophenolic Ethylenephosphonate-8-Thioadenosine;C24H30N5O11PS;56434
80;TCMDC-141437;C35H35FN4O3S;1838
81;TCMDC-141182;C30H39BrN4O;3192
82;Oxamate;C2H3NO3;92227
83;Danoprevir Sodium;C35H45FN5NaO9S;18477
84;DNDI1416914;C13H12N2;79527
85;dicadalenol;C30H36O3;53935
86;Roxolonium;C37H60NO4;28944
87;TCMDC-136643;C25H21Cl3N2O2;81943
88;TCMDC-138079;C22H29ClN4O5;49173
89;Mesocarb;C18H18N4O2;36273
90;SaraFlox WSP;C20H18ClF2N3O3;38605
91;TCMDC-134697;C26H31ClN6O3S;15460
92;TCMDC-141229;C39H41ClF2N4O8S;23857
93;TCMDC-141799;C26H24N6O3S;35273
94;TCMDC-125046;C23H27N5O4S;97898
95;3,4-dideoxy-3-fluoro KRN7000;C49H96FNO7;94953
96;TCMDC-135575;C17H15N5O2S2;8630
97;Prosom;C16H11ClN4;40544
98;TCMDC-134370;C25H29FN4O2S;84469
99;Oratel;C20H22N4O6S;36143
100;TCMDC-125877;C20H17N3O4;53036
101;Sodium Phenylarsonate;C6H5AsNa2O3;3541
102;TCMDC-134469;C31H37F3N2O4S;84601
103;Asclera;C30H62O10;78243
104;Cys-Gly;C5H10N2O3S;62659
105;TCMDC-132255;C30H30F3N3O5S2;86637
106;Hexamethonium;C12H30N2;65768
107;KNI-10616;C39H57N5O6S;76486
108;Sodium 2-Methylhexanoate;C7H13NaO2;27805
109;DNDI1417445;C19H16N4S;78268
110;LASSBio-1243;C12H10N4O;63541
111;Endiandramide A;C26H31NO3;30473
112;Zonampanel;C13H9N5O6;31577
113;TCMDC-125373;C15H14N4S2;62917
114;Ancitabine;C9H11N3O4;96199
115;L-Lys-Spermine;C16H38N6O;73667
116;TCMDC-139595;C27H35Cl2N3O4S;98311
117;TCMDC-138329;C23H29ClN4O3;79153
118;Bentyl;C19H35NO2;43025
119;TCMDC-131499;C29H44N2O7;8572
120;Cyclomicrobuxinine;C24H37NO2;6773
121;lactucaside;C26H32O13;31793
122;Hyoscine;C17H28BrNO7;50889
123;DNDI1417606;C21H18N6;93800
124;TCMDC-139775;C37H32BrCl2N3O4;8602
125;Adenosmoside;C16H28O9;89128
126;verbalactone;C20H36O6;27584
127;Epicoccin L;C20H28N2O6S2;92141
128;Flavopereirine;C17H15N2;12024
129;Botryoloic Acid;C17H28O6;56249
130;TCMDC-133431;C15H11F3N2O2S;48801
131;TCMDC-132807;C27H33ClF3N3O5S;65104
132;Ardisiamamilloside F;C53H86O23;50639
133;TCMDC-134043;C32H36F3N7O4;1688
134;Itopride;C20H26N2O4;82873
135;2,7-Bis(Chloroacetamido)Anthraquinone;C18H12Cl2N2O4;86894
136;Tigloidine;C13H21NO2;59739
137;43-Oxo-Okadaic Acid;C44H66O14;73301
138;TCMDC-135529;C37H47N5O6;62071
139;TCMDC-137004;C19H21F2N7O2;43668
140;2-(Bis(3-Aminopropyl)Amino)Acetic Acid;C8H19N3O2;97442
141;Lespeflorin A3;C30H34O4;40273
142;DNDI104971;C23H24FN3O3;79910
143;10-Trifluoroacetyl-Ddacthf;C22H24F3N5O7;58179
144;TCMDC-125887;C16H24ClN5O;87059
145;Nocathiacin Acid;C58H56N12O18S5;69618
146;Chlorbenzoxamine;C27H31ClN2O;97225
147;3,5-Dichloro-Benzonitrile;C7H3Cl2N;52147
148;Zalospirone;C24H29N5O2;88251
149;Etasuline;C16H15ClN2S;36594
150;TCMDC-141445;C37H47F3N4O3;82903
151;DNDI61475;C19H22BrN3O3;20752
152;Benzo[F]Quinoline-5,6-Dione;C13H7NO2;58115
153;TCMDC-125717;C33H27N3O5;67184
154;DNDI156105;C19H15N3O3;60495
155;Locoid;C25H36O6;94978
156;Elzasonan Citrate;C28H31Cl2N3O8S;82205
157;azithromycin aglycone;C22H43NO7;66584
158;Citrinin H1;C24H26O7;38963
159;Gly-Val-Gln;C12H22N4O5;29151
160;Semapimod;C34H52N18O2;89680
161;Orn-Orn;C10H22N4O3;87557
162;Acodontasteroside H;C39H64O12;90809
163;TCMDC-124359;C25H21ClN4O3S;24943
164;DNDI1317219;C15H14FNO;59452
165;WR301858;C18H19N5O4S;7290
166;Dinitrophenyl-Etomoxir;C15H18N2O8;76434
167;Moronicacid;C30H46O3;63616
168;Acutumine;C19H24ClNO6;61167
169;DNDI1417345;C15H17N3O3S;92915
170;Secramine C;C37H41BrN2O6S;16646
171;DNDI69749;C16H20N2O2;94471
172;3-Bromobenzylalcohol;C7H7BrO;16080
173;TCMDC-133626;C26H32N6O4;63041
174;Butikacin;C22H45N5O12;91635
175;Adenanthin C;C26H36O8;90267
176;8-(Ethylamino)Rifampin S;C45H61N5O11;4865
177;TCMDC-138720;C39H43ClN4O3;1212
178;Marbofloxacin;C17H19FN4O4;72066
179;TCMDC-140264;C27H31Cl2N5O;48143
180;TCMDC-135623;C26H29Cl2FN4O3;66546
181;Tritiozine;C14H19NO4S;1314
182;Murrayanine;C14H11NO2;51484
183;C-6131416;C16H20Cl3N3O3S;74035
184;TCMDC-132147;C26H19F3N4OS;50857
185;TCMDC-133431;C15H11F3N2O2S;74408
186;Pulvinone;C17H12O3;97425
187;DNDI63272;C18H17N3OS;27554
188;Diiodostearate Calcium;C36H66CaI4O4;7497
189;DNDI1417256;C17H8O4S;32661
190;Aganepag Isopropyl;C27H37NO4S;44733
191;TCMDC-124148;C16H14Cl3N3O4;28802
192;DNDI93117;C21H26N4O2;18467
193;4-MP;C4H6N2;95893
194;DNDI102073;C16H14Cl2N4O2;87094
195;Melittin;C131H229N39O31;93565
196;Melarsen Oxide;C9H9AsN6O;20518
197;Tolonidine;C10H12ClN3;23363
198;TCMDC-133741;C25H24F4N2O4S;51321
199;Diftalone;C16H12N2O2;34701
200;Quipazine;C13H15N3;82596
201;Chamissonolide;C17H24O6;56586
202;DNDI159791;C20H23F2N3O2;89578
203;TCMDC-134933;C31H38F3N5O4;5187
204;LASSBio-1005;C20H16N4O7;11267
205;Apremilast;C22H24N2O7S;52417
206;CID 5310801;C16H12FNO3;20181
207;13,19-Didesmethylspirolide C;C41H59NO7;20258
208;Pexiganan;C122H210N32O22;24356
209;4-Fluorodeacetylcolchicine;C20H22FNO5;40129
210;5'-O-Sulfamoyladenosine;C10H14N6O6S;76816
211;Dupracetam;C12H18N4O4;40058
212;Cardilate;C4H6N4O12;82384
213;Klysimplexin H;C30H48O9;66739
214;TCMDC-125539;C13H7N3S3;24464
215;Epothilone H1;C26H39NO6;92301
216;Pifithrin-Beta;C16H16N2S;22906
217;TCMDC-134026;C20H14F6N8O2;41806
218;Mydriacyl;C17H20N2O2;95012
219;Brosuximide;C10H8BrNO2;64028
220;DNDI101967;C23H32N4O2;41999
221;LASSBio-785;C14H12N2O3S;9355
222;TCMDC-135222;C22H24N2O4S;39027
223;Naboctate;C33H53NO3;73082
224;Purealidin S;C22H25Br4N3O5;16141
225;TCMDC-136069;C28H28N2O4;14216
226;2,3-Dihydroxypropyl-Eicosanoic Ester;C23H46O4;7008
227;Isocitrate;C6H8O7;10501
228;DNDI1538114;C20H19F4N5O;253
229;TCMDC-139145;C34H40N4O8;5490
230;1-(D-Threonyl)Desleucylaglucovancomycin Trifluoroacetate;C53H49Cl2F3N8O20;39763
231;1,4-Difluorobenzene;C6H4F2;52997
232;TCMDC-133827;C26H26F3N3O3S;87751
233;TCMDC-141662;C23H38F3N3O2;20936
234;Ociltide;C31H40N6O7S;73099
235;Amphidinol 4;C68H116O23;92060
236;TCMDC-142561;C18H17F2N3OS;82934
237;DNDI66376;C17H20F3N3O;29482
238;Evocarpine;C23H33NO;54538
239;Scopolin;C16H18O9;3137
240;Elidel;C43H68ClNO11;88989
241;Phenylheptatriyne;C13H8;16367
242;Ytterbium Pentetate;C14H23N3O10Yb;736
243;Clofarabine triphosphate;C10H14ClFN5O12P3;1289
244;Perbufylline;C23H28FN5O3;4465
245;DNDI1005851;C20H12F5NO;72741
246;KMI-1563;C26H42N4O5;45258
247;Clofexamide;C14H21ClN2O2;30211
248;Aclarubicin;C42H53NO15;7779
249;Iotranic Acid;C24H22I6N2O9;83131
250;Anibamine;C32H50F3NO2;13609
251;Oscillapeptin F;C51H76N8O15S;96830
252;2,7-Bis(Chloroacetamido)Anthraquinone;C18H12Cl2N2O4;48300
253;Chisonimbolinin E;C35H48O10;22526
254;TCMDC-134765;C29H36F3N5O4;391
255;Cepharanoline;C36H36N2O6;1187
256;Moxiraprine;C17H24Br2N4O2;18512
257;Glisoxepide;C20H27N5O5S;59067
258;Pterulamide IV;C39H64N6O6;1475
259;Platencin A11;C24H29NO8;82826
260;NAB733;C49H83N13O11;68052
261;Hexahydro-Sila-Difenidol HCl;C20H33ClFNOSi;36664
262;Dimethyl Ether Marchantian C;C30H28O4;33302
263;cratoxyarborequinone B;C49H54O9;93583
264;Uridine 3'-(4-Hydroxytamoxifen Phosphate);C35H40N3O10P;97959
265;Sulfadimethoxine Sodium;C12H13N4NaO4S;59118
266;Camptosar;C33H38N4O6;32630
267;2-Demethylspeciosine Diacetate;C31H33NO8;93903
268;TCMDC-124208;C23H19N9O4;11472
269;Iso-Anomian A;C24H31Br4N3O3;71039
270;Benzothiazole;C7H5NS;3766
271;DNDI66621;C15H14FN3O;77432
272;sulfamidas32;C16H24N4O7S;1349
273;Petroformynic Acid C;C47H70O4;16673
274;TCMDC-135082;C26H26N4O2S;75760
275;Kebuzone;C19H18N2O3;81639
276;Dolastatin 15;C45H68N6O9;82720
277;DNDI65986;C17H21F3N2O3;95021
278;TCMDC-135527;C31H19F5N6O;84723
279;Oxybuprocaine;C17H29ClN2O3;69852
280;Octane-1,8-Diyl Disulfamate;C8H20N2O6S2;81628
281;KNI-10605;C36H52N6O7S;70472
282;TCMDC-133010;C28H24F6N6O3S;86978
283;TCMDC-136474;C29H31F3N4O4S;22673
284;DNDI67339;C14H15ClN2O2;96378
285;DNDI1538113;C19H18F4N6O;87697
286;Aglaroxin A 1-O-Acetate;C31H31NO9;20293
287;Sulbentine;C17H18N2S2;21507
288;Lespecyrtin H2;C50H50O11;89335
289;Diminazene Diaceturate;C14H15N7.2C4H7NO3;49805
290;DNDI1459261;C18H21ClN2O3S;58625
291;TCMDC-135499;C34H46ClFN4O;30043
292;Qutenza;C18H27NO3;59307
293;2-Phenylsulfanyl-[1,4]Naphthoquinone;C16H10O2S;61323
294;TCMDC-141625;C29H24Cl3F3N6O5S;10205
295;4-(Benzyloxy)Phenylboronic Acid;C13H13BO3;3265
296;TCMDC-135390;C31H45ClN4O4S;10604
297;5-Nitrocytidine;C9H12N4O7;77193
298;Bromohydrin Pyrophosphate;C5H13BrO8P2;23778
299;Vasicine;C11H12N2O;84968
300;N-Cbm-Tamo;C46H54N4O8S2;46900
301;Epothilone I3;C30H47NO5S;60320
302;Pyridoxal Thiobenzoyl Hydrazone;C15H15N3O2S;5056
303;KMI-773;C32H43N11O8;91604
304;TCMDC-124458;C26H28N2O5;93201
305;Psammaplin A 11'-Sulfate;C22H23Br2N4NaO9S3;43209
306;Chromomycin;C57H82O26;48195
307;TCMDC-131628;C14H22BrClN6O;82359
308;Etoperidone;C19H28ClN5O;42928
309;Pirazidol;C15H18N2;48484
310;thalicoside A2;C41H68O13;30502
311;DNDI64299;C18H16N2O;68197
312;etheno-HETA;C14H17N5O4S;67829
313;[11C]-Hemicholinium-15;C13H18F3NO5S;10929
314;TCMDC-139554;C19H20N6O2S;46839
315;BPH-601;C17H27NO6P2;18362
316;Ebenifoline E I;C41H47NO17;82286
317;Hexanesulfonyl Fluoride;C6H13FO2S;82838
318;Terutroban;C20H22ClNO4S;97002
319;5-N-Nonadecylresorcinol;C25H44O2;25317
320;TCMDC-131808;C30H44Cl4N10;5439
321;KNI-1689;C30H40N4O5S;59013
322;TCMDC-137045;C21H30ClN5;12680
323;TCMDC-134899;C25H28F3N5O4;26624
324;TCMDC-134963;C28H31F3N4O4;54458
325;Monodral Bromide;C18H30BrNO3S;92941
326;Tilsuprost;C20H33NO4S;22407
327;Elaiomycin D;C13H24N2O4;63586
328;TCMDC-141656;C27H42F3N3O3;38106
329;Tarenninoside C;C24H26O14;43729
330;Pifarnine;C27H40N2O2;83501
331;Chlorotriphenylmethane;C19H15Cl;97735
332;Aceglatone;C10H10O8;70783
333;Mirabamide H;C66H102ClN13O19;48962
334;Roxolonium;C37H60NO4;35790
335;Cyanine-863;C24H26ClN3;80191
336;Majorenolide;C17H28O3;47710
337;DNDI67000;C15H14Cl2N4O;8795
338;Daunoform;C57H58N2O20;58095
339;Domiphen;C22H40NO;39981
340;N'-(5-Benzofuroxanylmethylidene)Isoniazide;C13H9N5O3;70996
341;Lutein Diphosphate Sodium Salt;C40H54O8P2.4Na;92922
342;TCMDC-140610;C45H49F3N4O3;88302
343;Aiviosin;C57H93NO25;82062
344;TCMDC-141159;C27H29ClN4O9S2;64020
345;DNDI1498553;C24H25N5O2;54070
346;Quadrangularic Acid G;C31H48O7;74392
347;Lercanidipine;C36H41N3O6;77985
348;Halicyclamine A TFA;C36H52F6N2O4;78248
349;NSC-720877;C33H48O10;9405
350;TCMDC-136245;C33H30Cl2FN3O2;90794
351;Ibrutinib;C25H24N6O2;26384
352;Elenoside;C25H22O11;94442
353;Seroquel;C25H29N3O6S;84364
354;TCMDC-136211;C25H29BrClFN4O3;16763
355;TCMDC-135764;C31H34N8O4;9987
356;TCMDC-141569;C21H22N6O3;17632
357;TCMDC-134387;C24H28ClF3N6O3S;30820
358;TCMDC-124117;C21H15ClFN3OS;65484
359;1,3-Bis(4-Propoxyphenyl)Thiourea;C19H24N2O2S;56855
360;Butacaine;C18H30N2O2;84973
361;Oxygambogic Acid;C39H46O9;29578
362;TCMDC-140090;C20H26BrClN4O;55308
363;Ciwujianoside C1;C51H80O21;74675
364;3,4-DiOMe-6-MeBp4eT;C18H22N4O2S;91158
365;Acankoreosides J;C47H74O20;18438
366;TCMDC-136864;C26H17FN6O;62847
367;DNDI1388146;C17H14ClN3OS;56548
368;Lozol;C16H16ClN3O3S;41684
369;KMI-1887;C32H47N5O6;13600
370;TCMDC-138739;C37H43F3N2O4;51412
371;4-(Phenylmethylsulfonamido)Benzoic Acid;C14H13NO4S;94178
372;N-(4-Chlorophenethyl)Thiourea;C9H11ClN2S;35533
373;TCMDC-132933;C27H22F4N4O2S;88544
374;galioside;C17H24O11;94868
375;Gacyclidine;C16H25NS;98166
376;Phyllanemblinin C;C41H30O28;51861
377;3-Pentafluoroethyl-Benzoic Acid;C9H5F5O2;98903
378;DB850;C20H18N6O;74030
379;Clofibric Acid;C10H11ClO3;15692
380;Azilsartan;C25H20N4O5;80630
381;Botryllamide C;C19H18BrNO4;99648
382;Trp-Glu;C16H19N3O5;99034
383;3-Carboxy-Hexanedioic Acid;C7H10O6;77021
384;Sodium Methyl Phenoxycarbonylphosphonate;C8H8O5P.Na;33410
385;DNDI1268517;C22H22Cl2N2;55223
386;2-(3,7,11,15,19,23,27-Heptamethyloctacosyl)Hydroquinone;C41H76O2;52042
387;Oxophoebine;C20H15NO6;5345
388;DNDI1423058;C19H14F3N3O;61060
389;Bastadin 4;C34H25Br5N4O8;80257
390;1-Hexene;C6H12;34134
391;TCMDC-124826;C23H31ClN4O;76963
392;TCMDC-124330;C20H20N2O4S;9313
393;Soterenol HCl;C12H21ClN2O4S;54001
394;Clodronic Acid;CH4Cl2O6P2;66780
395;Valdipromide;C11H23NO;75480
396;TCMDC-135254;C20H16BrF3N2O3;64605
397;TCMDC-137228;C8H9Br2N;9891
398;Undecanol;C11H24O;4589
399;Pirbenicillin;C24H26N6O5S;66831
400;TCMDC-137133;C23H32BrN5;12166
401;Pleoside;C15H20O9;16033
402;TCMDC-140704;C23H29Cl2N3O;89125
403;N-(2-Iodethyl)Arachidonylamide;C22H36INO;88294
404;Chrysene;C18H12;81871
405;Arquel;C14H11Cl2NO2;7809
406;TCMDC-139650;C36H38F3N5O5;61924
407;TCMDC-135204;C35H45F3N4O6S;22061
408;Naphthomycin M;C42H49NO11S;22486
409;TCMDC-134473;C44H30F8N6O4;46373
410;TCMDC-141467;C38H31F5N4O2S;42521
411;DNDI96961;C18H24N4O2;2333
412;Mafosfamide;C9H19Cl2N2O5PS2;81865
413;Fiduxosin HCl;C30H30ClN5O4S;71950
414;Tinosinenside;C26H40O11;79823
415;Propynyl dCTP;C11H16N3O13P3;57950
416;Prothecan;C53H50N6O13;2120
417;Indolin-4-Yl Ethyl(Methyl)Carbamate HCl;C12H17ClN2O2;5780
418;Platycodin D2;C63H102O33;5395
419;TCMDC-131656;C14H20Cl3N5O;32917
420;Tedisamil;C19H32N2;55709
421;Butyl Dimethoxyphosphinecarboxylate Oxide;C7H15O5P;91296
422;Enciprazine;C23H32N2O6;72200
423;5-azido-NAADP;C21H26N9O18P3;99247
424;TCMDC-141201;C22H26F3N3O5;13718
425;TCMDC-142776;C22H17N3;85657
426;4-Biphenyl Acetic Acid Colistin;C58H94N16O13;15386
427;3TC-TP;C8H14N3O12P3S;45728
428;TCMDC-124245;C14H9Cl2F3N2OS;15680
429;Leukerin;C5H4N4S;69733
430;Sofosbuvir;C22H29FN3O9P;26478
431;TCMDC-133353;C24H23ClF3N3O;38916
432;TCMDC-124133;C21H21N3O7;63881
433;Carsatrin;C25H26F2N6OS;53642
434;2,2',3,4,4',5,5'Heptachlorobiphenyl;C12H3Cl7;8843
435;2,3,5-Triiodo-Benzoic Acid;C7H3I3O2;91283
436;DNDI155525;C16H15F4N3O3;53766
437;Hexane;C6H14;50505
438;Octenidine Saccharin;C50H72N6O6S2;85475
439;DNDI1417582;C19H14FN3OS;45876
440;Petiolaroside Decaacetate;C47H50O25;74679
441;DNDI63754;C17H24N2O4;54340
442;Fromiamycalin;C45H78N6O5;82503
443;Span 85;C60H108O8;82976
444;Penicinoline;C14H10N2O3;14391
445;Tenatoprazole;C16H18N4O3S;76912
446;TCMDC-132239;C28H33F3N4O4S;88352
447;TCMDC-136230;C24H34N4O2S;92496
448;2,4-Dihydroselenoquinazoline;C8H6N2Se2;66749
449;(Diethylcarbamoyl)Methylene Diethylcarbamodithioate;C11H22N2OS2;40232
450;(R)-Norfenfluramin;C10H12F3N;9938
451;Encyprate;C13H17NO2;48404
452;TCMDC-125875;C25H31ClN2O6;53179
453;TCMDC-141110;C27H27ClF3N3O3;44105
454;Dragomabin;C37H51N5O6;13531
455;Azetidine-2,4-Dicarboxylic Acid Diamide;C5H9N3O2;89142
456;Amantocillin;C19H27N3O4S;72626
457;Lomeguatrib;C10H8BrN5OS;71436
458;Lornoxicam;C13H10ClN3O4S2;90616
459;[18F]Hemicholinium-3;C25H33F4IN2O7S;5530
460;TCMDC-134675;C38H49F3N4O5S;53898
461;N-(3,4-Dichlorophenyl)Guanidine;C7H7Cl2N3;88415
462;Cimipronidine;C7H13N3O2;57616
463;DNDI103110;C18H22ClN3O2;71315
464;TCMDC-125416;C21H14F3N5O;74419
465;Celikalim;C20H18F3NO4;79786
466;1,1-Dichloro-Ethene;C2H2Cl2;19883
467;Ticar;C15H16N2O6S2;70462
468;DNDI61554;C21H20N4O2;87138
469;TCMDC-134172;C35H41Cl2F3N4O4;71732
470;Cadiolide F;C25H13Br5O6;75555
471;WR308291;C18H24N4O4S;41313
472;Pterulamide VI;C45H74N6O8;58763
473;Clanfenur;C16H15ClFN3O2;77423
474;15,34-O-Disulfatobastadin 7;C34H24Br4N4Na2O14S2;30286
475;Prunose I;C32H40O18;17211
476;Oncrasin-1;C16H12ClNO;5690
477;TCMDC-138801;C35H40F3N3O2;12385
478;TCMDC-125857;C19H25ClN4O2;72964
479;DNDI63043;C19H16N4O2;93819
480;Pheophorbide A Ethanolamide;C38H45N5O6;24416
481;TCMDC-123714;C14H10F3N3O4;22683
482;Fostriecin;C19H27O9P;8853
483;Gagunin O;C38H60O11;3928
484;Longanine;C19H25NO6;75600
485;TCMDC-135808;C22H16F3N5O2;61082
486;Calcimycin;C29H37N3O6;283
487;Rubianoside I;C38H60O10;36776
488;30-(2,6-Dichlorophenyl)Manzamine;C43H46Cl2N4O3;33609
489;Agelasidine C;C23H41N3O2S;64341
490;Argentinic Acid D Methyl Ester;C43H68O10;86947
491;1-(4-Fluorophenyl)Maleimide;C10H6FNO2;17596
492;AMT;C10H15N3O4;27924
493;Cambogin;C38H50O6;83457
494;TCMDC-140239;C24H26Cl2N4O;70779
495;Rosamicin Propionate;C34H55NO10;47965
496;Dimethylester Eujavanicin A;C57H97N9O15;8623
497;TCMDC-142974;C25H25ClF10N4O7;29214
498;TCMDC-133747;C31H29F4N3O4;1002
499;TCMDC-138694;C28H27F3N2O3;86514
500;Pyrazosulfuron Ethyl;C14H18N6O7S;13434
501;1-Adamantyl(Amino)Methaniminium Chloride;C11H19ClN2;58805
502;3-Chlorodiosmin;C28H31ClO15;15888
503;DNDI1392073;C19H22F3N3;80551
504;TCMDC-135921;C37H33F3N8O2;6065
505;3',4'-Dichloroacetophenonethiosemicarbazone;C9H9Cl2N3S;1764
506;TCMDC-141428;C31H41F3N2O3S;74905
507;Bevirimat;C36H56O6;26432
508;Calcium Gluceptate;C14H26CaO16;70525
509;7,19-Cyclotaxoid;C45H61NO16;83482
510;TCMDC-131818;C28H40Cl4N10;65991
511;Sideroxylonal C;C26H28O10;23824
512;Aspirochlorine;C12H9ClN2O5S2;90002
513;TCMDC-133782;C28H29ClF3N7O3;14903
514;Hexadecanoic Acid 3-Phosphonooxy-Phenyl Ester;C22H37O6P;85660
515;Mequitazine;C20H22N2S;1856
516;Losulazine;C27H22F4N4O3S;42273
517;Epothilone I1;C28H43NO5S;27580
518;Ambuside;C13H16ClN3O5S2;1580
519;Treflorine;C36H48ClN3O12;68456
520;Nuzhenide;C31H42O17;96674
521;DNDI66037;C20H23FN2O;29638
522;Asn-Phe-Phe-Ala-Gly-His-Phe-Ile-Ser;C51H66N12O12;71716
523;Adinazolam;C19H18ClN5;76981
524;Danofloxacin Mesylate;C20H24FN3O6S;67571
525;TCMDC-124100;C18H20Br2N2O;57955
526;Thianaphthene;C8H6S;16862
527;Hypothemycin;C19H22O8;16027
528;Sodium 4-Iodobenzoate;C7H4INaO2;68047
529;DNDI1417083;C13H10ClN3O2;39445
530;Fluoroquinoline K37;C23H18F4N2O3;43266
531;DNDI102631;C18H13N5O2;33506
532;DNDI65306;C24H30N2O3;48081
533;Difluoro(4-((Phenylamino)Methyl)Phenyl)Methylphosphonic Acid;C14H14F2NO3P;19276
534;Methoprene;C19H34O3;48405
535;TCMDC-138082;C26H26N6O2;65879
536;TCMDC-132826;C26H24F6N4O2;17044
537;Triptersinin L;C35H41NO13;47294
538;Sandopart;C43H65N11O12S2;83819
539;TCMDC-134757;C31H32F3N5O5;50604
540;28-O-Nicotinoylbetulin;C36H53NO3;56854
541;TCMDC-123959;C11H15BrClN5;85150
542;Perfluorophenyl Sulfamate;C6H2F5NO3S;33440
543;TCMDC-141857;C32H32F3N3O4;77007
544;4-Chlorowarfarin;C19H15ClO3;72681
545;Hiritin;C32H36O10;62943
546;2-Hexanol;C6H14O;23393
547;Belarizine;C24H26N2O;93246
548;TCMDC-135693;C27H32N2O3;70628
549;TCMDC-140585;C39H45F3N4O3;78834
550;Alazopeptin;C15H20N6O5;78406
551;TCMDC-124038;C28H30FNO5;55498
552;TCMDC-142915;C26H28F4N8O4;56553
553;Tempium;C8H11Cl2N3O;26897
554;Secalosdie A/B;C46H51NO24;81747
555;Guanoctine HCl;C9H22ClN3;20114
556;TCMDC-123500;C27H22N2O2;83313
557;TCMDC-137469;C9H8ClF3N4O;71710
558;TCMDC-140044;C27H26N6OS;28558
559;Iodonitrotetrazolium Chloride;C19H13IN5O2.Cl;83660
560;Taurolidine;C7H16N4O4S2;74028
561;BAY-613606;C20H18N6O3;81662
562;Lamisil;C21H25N;67954
563;DNDI66237;C16H14FN3O;93612
564;3-Morpholinosydnonimine HCl;C6H11ClN4O2;61258
565;Tropeoside B1;C38H62O13;66358
566;Dimethyladenine;C7H9N5;45065
567;Ianthellamide A;C13H18Br2N2O6S;86643
568;TCMDC-140666;C25H27F2N5O7;8799
569;Nabitan;C35H52N2O3;70548
570;Garveatin C;C22H24O5;87779
571;o-F-amidine;C17H20F4N4O6;1983
572;(S)-Coriolic Acid;C18H32O3;73810
573;TCMDC-123739;C20H16ClN3O3;60789
574;TCMDC-124690;C22H25ClF3NO3;57480
575;KRN-5500;C29H44N6O7;98680
576;Diethyl 2-Chlorophenylphosphoramidate;C10H15ClNO3P;64368
577;TCMDC-139743;C24H31ClN8;66707
578;DNDI1423074;C21H21ClN4O2S;77734
579;picfeltarracemin IV;C47H72O18;65760
580;spiruchostatin A;C20H29N3O6S2;46452
581;Avicennol;C20H22O5;24639
582;(+)-Discorhabdin D;C18H14N3O2S;66408
583;TCMDC-125556;C27H30N2O6;89769
584;Myricitrin;C21H20O12;64101
585;Simplexin A;C26H42O6;38040
586;TCMDC-141505;C39H43F3N4O7S;99412
587;Globospiramine;C43H48N4O7;33300
588;Pentyl 4-(N-Doxazolidinylcarbonyoxymethyl)Phenylcarbamate;C42H46N2O15;32312
589;TCMDC-140656;C34H36FN3O;17284
590;Imidazole-4-Acetic Acid HCl;C5H7ClN2O2;60341
591;Adrogolide;C22H25NO4S;91133
592;N-(Pentafluorophenyl)Sulfamide;C6H3F5N2O2S;24966
593;TCMDC-134044;C32H42F4N8O4;40606
594;Glaucolide K;C23H30O9;94087
595;WR-319749;C18H19F6N3O;49376
596;Butirosin Sulfate;C21H45N5O20S2;18399
597;TCMDC-139687;C23H27ClN4O;40277
598;Senktide;C40H55N7O11S;45508
599;TCMDC-140996;C37H40FN5O4;80520
600;TCMDC-124166;C17H14Cl2N2O;45605
601;Vinzolidine;C48H58ClN5O9;62863
602;TCMDC-137827;C34H45ClN2O6;25867
603;RPR-131168;C30H29NO5;94561
604;TCMDC-132505;C29H25N3O3S;68354
605;TCMDC-141428;C31H41F3N2O3S;37646
606;Nolatrexed;C14H12N4OS;62209
607;Vincoside Lactam;C26H30N2O8;18939
608;Cis-N-Oleoylcyclopropanolamide;C21H39NO2;26477
609;3,4-dideoxy-3,3'-difluoro KRN7000;C50H97F2NO7;40985
610;Fenyripol;C12H13N3O;97208
611;Ethyl 3-Phenoxybenzyl Hexylphosphonate;C21H29O4P;93691
612;2-Methylene-Bicyclo[2.2.1]Heptane;C8H12;33132
613;DNDI1417643;C16H13N3O3S2;87832
614;2-Benzenesulfonyl-Thiophene;C10H8O2S2;68011
615;TCMDC-137442;C17H22BrNO;6439
616;Pardoprunox;C12H15N3O2;4049
617;4-{[(2-Cyclopentylidenehydrazino)Carbonyl]Amino}Butanoic Acid;C10H17N3O3;79563
618;MD;C11H8I3N2NaO4;21397
619;Flurotyl;C4H4F6O;21648
620;Nithiamide;C5H5N3O3S;10737
621;4-Icosylbenzenesulfonamide;C26H47NO2S;1408
622;TCMDC-131900;C30H32F3N5O5S;90904
623;TCMDC-134344;C29H34F3N3O3S;49086
624;DNDI101076;C20H18ClN3O2;39529
625;TCMDC-139127;C27H30ClN3O3S;27351
626;Stellettacholine B;C23H48NO6P;20545
627;Rehmaglutoside C;C30H42O17;94966
628;DNDI1294211;C21H20ClNO2;85840
629;Z/E-Cadiolide H;C26H18Br4O6;28367
630;Phenylequine Dihydrochloride;C19H22Cl3N3;67101
631;DNDI1435838;C18H21ClFN5O;66025
632;Amipaque;C18H22I3N3O8;19981
633;delta5-ADD;C19H26O2;42225
634;Catalposide;C22H26O12;12573
635;Labdanediol;C20H38O2;80786
636;TCMDC-125076;C26H26N4OS;35565
637;Sulfamic Acid;H3NO3S;2433
638;Sulforamate;C7H15NOS3;7384
639;Carnosic Acid Gamma-Lactone 12-Linoleate;C38H56O4;1234
640;TCMDC-142667;C23H25N3O4S;15573
641;DNDI69939;C24H22N2O;47539
642;TCMDC-141255;C25H25Cl2N3O2;15507
643;Pipotiazine;C40H63N3O4S2;39403
644;3-((3,4-Dichlorophenyl)(Ethoxy)Methyl)Azetidine HCl;C12H16Cl3NO;49691
645;TCMDC-136631;C30H28F3N3O3;12130
646;TCMDC-142355;C22H15F7N4O5;30769
647;2,2,2-Trifluoroethanol;C2H3F3O;21849
648;TCMDC-140800;C28H32N2O4;97955
649;VUF8303;C12H17Cl2NO2;64100
650;Lirimilast;C17H12Cl2N2O6S;78090
651;Clindamycin palmitate;C34H63ClN2O6S;99326
652;Embramine;C18H22BrNO;73759
653;3-Phenylphenylaminomethylphosphonic Acid;C13H14NO3P;90071
654;DNDI1454120;C19H16ClF2N3O2;30495
655;TCMDC-125704;C28H20ClFN4O5S;11433
656;DNDI1112865;C22H34N2O3;3456
657;TCMDC-123551;C23H30N4O;37789
658;DNDI1330084;C19H13ClN2O;97179
659;Accolate;C31H33N3O6S;35476
660;TCMDC-131628;C14H22BrClN6O;67529
661;Annojahnin;C37H66O5;97399
662;Zanoterone;C23H32N2O3S;63049
663;Gonadorelin;C55H75N17O13;99342
664;Hyperforin Li;C35H51O4.Li;89978
665;Iofetamine;C12H18IN;98623
666;Circulin A;C134H208N38O38S6;5763
667;3,3',5,5'-Tetrabromobisphenol A;C15H12Br4O2;73101
668;TCMDC-138231;C26H20ClN3O;69103
669;Tramazoline;C13H17N3;37190
670;TCMDC-141053;C44H45F5N4O8;1172
671;Methyl N,N'-Bis(4-Nitrobenzoyl)Imidoselenocarbamate;C16H12N4O6Se;68170
672;Bryostatin 5;C44H66O17;16700
673;DNDI1433716;C20H24FN5;33880
674;DNDI66742;C22H16Cl2N2O2;95500
675;Aplaviroc;C33H43N3O6;27848
676;Cholesteryl Oleate;C45H78O2;49825
677;Uncaric Acid;C29H46O5;8562
678;TCMDC-133640;C19H18F2N6O;41976
679;Sodium Trithiocarbonate;CNa2S3;23767
680;Cymbalta;C18H19NOS;73875
681;Tebatizole;C12H21N3S;58784
682;Agamenoside F;C56H90O28;25787
683;Xinomiline;C5H10N2O;91597
684;Rosamicin Butyrate;C35H57NO10;62577
685;TCMDC-124750;C21H24N2O5S3;15781
686;TCMDC-135582;C19H17N5O3S;13221
687;TCMDC-124818;C22H21BrN2O3;79118
688;Deferitrin;C11H11NO4S;48757
689;Paraplatin;C6H12N2O4Pt;70729
690;Mazapertine;C26H35N3O2;65421
691;DNDI1417863;C16H14BrN5O2;84199
692;Scortechinone I;C35H44O10;65572
693;Gly-Pip-Glu;C13H21N3O6;26678
694;TCMDC-142053;C22H18N4;84825
695;Zinagrandinolide C;C21H26O8;18370
696;17-Hydroxyeleutheside;C36H50N2O11;62004
697;TCMDC-134458;C28H26F6N2O5S;81131
698;Tenovin-1;C20H23N3O2S;12850
699;Heptyl-Trimethyl-Ammonium Bromide;C10H24N.Br;60776
700;4-Methoxystyrylboronic Acid;C9H11BO3;24544
701;8-(4-Methylphenyl)-NAD;C28H32N7O14P2;31947
702;4,4'-Dihydroxyoctafluoroazobenzene;C12H2F8N2O2;14320
703;Schisanwilsonin C;C29H30O9;34765
704;Dizocilpine;C16H15N;4704
705;TCMDC-142839;C18H19N5O3;47722
706;N-Palmitoylsphingosine;C34H67NO3;73196
707;Micropeptin SF995;C48H73N11O12;39227
708;Pentyl 4-(N-Doxazolidinylcarbonyoxymethyl)Phenylcarbamate;C42H46N2O15;47684
709;Cepharanthin;C37H38N2O6;37010
710;Terramycin;C22H22CaN2O9;21776
711;TCMDC-125416;C21H14F3N5O;72435
712;Barlerin;C19H28O12;37457
713;TCMDC-132636;C26H24F4N2O3;21870
714;Glucolimnanthin;C15H21NO10S2;8257
715;Tiegusanin L;C31H32O8;23014
716;TCMDC-132677;C29H24F6N6O2S;57736
717;Cinfenine;C25H27NO;32430
718;Sodium 4-Octadecanoylamino-Benzenesulfonate;C24H40NO4S.Na;72338
719;TCMDC-139585;C27H34Cl2FN3O3S;98833
720;Hymenialdisine 2;C15H14BrN5O4;45921
721;TCMDC-124868;C22H29N3O3S;95206
722;2,3,4-Tribromopyrrole;C4H2Br3N;33105
723;TCMDC-131792;C18H24ClN5O3;10219
724;Pedaltin;C16H12O7;44571
725;Campneoside;C30H38O16;87865
726;digallic acid;C14H10O9;46729
727;TCMDC-125540;C15H9FN4S2;2780
728;Umbellacin I;C23H38O8;61561
729;KNI-10754;C33H55N5O5S;52805
730;Lysergide;C20H25N3O;66171
731;TCMDC-138610;C35H35N7O2;60384
732;Valethamate Bromide;C19H32BrNO2;18884
733;Cu-Clioquinol;C18H10Cl2CuI2N2O2;73456
734;(+)-Leucascandrolide A;C38H56N2O10;91012
735;Borivilianoside H;C50H80O23;72879
736;Altissinol A;C30H38O12;27077
737;Mydfrin;C9H14ClNO2;1740
738;Enecadin;C21H28FN3O;86803
739;Tetramethyl-Ammonium;C4H12N;77530
740;Indolicidin;C102H134N26O14;11663
741;Octadecyl-Phosphonic Acid Monomethyl Ester;C19H41O3P;50822
742;1-(4-Bromophenyl)Ethanone;C8H7BrO;96411
743;Stemofoline;C22H29NO5;54703
744;Benzamidine HCl;C7H9ClN2;38974
745;Bedoradrine Sulfate;C48H66N4O14S;66370
746;ALS 758;C31H47NO2;6704
747;Argutin C;C34H48O9;17756
748;Diprafenone;C23H31NO3;89298
749;TCMDC-138328;C32H35ClN4O3;77441
750;TCMDC-140504;C28H34N4O;78553
751;Phenamil Methanesulfonate;C13H16ClN7O4S;49056
752;Etoxeridine;C18H27NO4;80635
753;Pimelautide;C29H52N6O9;41239
754;TCMDC-125170;C31H40N4O5;59788
755;Delaminomycin C;C29H43NO5;17267
756;Utibaprilat;C20H27N3O5S;14982
757;Bromophycolide R;C27H35BrO4;35080
758;Pentadecylboronic Acid;C15H33BO2;95191
759;TCMDC-140027;C28H29Cl2N5O;12274
760;Amen;C24H34O4;69703
761;Atiprimod Dihydrochloride;C22H45ClN2;86371
762;Arcyriaflavin C;C20H11N3O4;1988
763;DNDI95357;C23H23N3O4;79098
764;2-Phenylsulfanylmethyl-Pyridine HCl;C12H12ClNS;15909
765;Enzec;C95H142O28;75636
766;Ibuterol;C20H31NO5;29184
767;TCMDC-135055;C28H27F3N4O7;50012
768;Docusate;C20H38O7S;19078
769;TCMDC-139473;C28H28Cl2N6O4;83241
770;TCMDC-140241;C24H25Cl3N4O;29615
771;Manadoperoxide C;C16H26O6;18511
772;Piroheptine;C22H25N;95572
773;Efrotomycin;C59H88N2O20;37144
774;Roseadine;C46H56N4O9;21845
775;Polyphemusin Ii;C108H161N37O20S4;62085
776;Tindal;C23H29N3O2S;25853
777;DNDI64179;C22H21N5O;98902
778;TCMDC-123472;C10H16ClNO3;1710
779;TCMDC-131636;C24H31NO2;54286
780;TCMDC-142288;C20H18N2O;13380
781;Verofylline;C12H18N4O2;53099
782;DNDI1715609;C23H23F6N5;79729
783;TCMDC-132608;C26H26F4N2O4;35274
784;2-(Propargylselenenyl)Benzoic Acid;C10H8O2Se;25774
785;Bis-Trioxane Isonicotinate Ester Dimer;C40H57NO10;82812
786;Majusculamide;C50H80N8O12;47925
787;KNI-1366;C32H36FN3O5S;45941
788;DNDI69939;C24H22N2O;20193
789;TCMDC-142888;C25H26N4O3S2;95989
790;TCMDC-124444;C25H37Cl2N3O;49661
791;MTHPC;C44H32N4O4;90147
792;Inostamycin;C38H68O11;56939
793;TCMDC-138542;C19H18ClFN6;6919
794;Cyclotheonamide E4;C41H62N10O9;94362
795;Ixosin-B-amide;C165H263N57O48;75116
796;TCMDC-137977;C20H21N5;41219
797;THIFC;C28H41N7O7S;39003
798;2'-Deoxycethromycin;C42H59N3O9;31280
799;TCMDC-140833;C30H23Cl2F3N2O3;8459
800;DNDI93489;C15H12N4O2;92446
801;Roxadustat;C19H16N2O5;225
802;laurendecumallene B;C15H22Br2O4;56105
803;TCMDC-134501;C31H30F3N3O5;33099
804;(-)-Agelasidine D;C23H41N3O3S;97464
805;DNDI1417428;C16H12ClFN4O;92240
806;TCMDC-138447;C25H26ClFN4O;63532
807;Cardura;C23H25N5O5;95257
808;Methyl Ester Pandaroside C;C40H62O15;94006
809;Phelligrin A;C22H18O6;90313
810;DNDI1417654;C18H17ClN2O2S;67369
811;phathalimide;C16H7F3N2O3S;37987
812;Loxanast;C14H26O2;84824
813;Aletamine HCl;C11H16ClN;39384
814;Alloclamide;C16H23ClN2O2;45931
815;TCMDC-134159;C22H19N3O4S2;6049
816;Pranlukast;C27H23N5O4;75953
817;Gevotroline HCl;C19H21ClFN3;62892
818;TCMDC-131944;C23H21ClIN3O3;78226
819;DNDI1417339;C14H11ClN4OS;51859
820;DNDI1417314;C18H21NO2S;20314
821;symphyoketone;C13H13Br3O3;31830
822;Egualen;C15H18O3S;19076
823;TCMDC-132685;C30H29F3N4O2;51654
824;TCMDC-131644;C8H8N2O3;44885
825;TCMDC-142831;C25H21F3N2O4;21403
826;DNDI1417595;C23H19N3O;56200
827;Fluprednidene;C22H27FO5;29410
828;Comosone A;C16H24O2;49940
829;TCMDC-139407;C20H19Cl3F3N3O;4613
830;4,4'-Bis((Triethylphosphonio)Methyl)Diphenylmethane Dibromide;C27H44Br2P2;53416
831;TCMDC-125700;C20H21Br2N3O4;72858
832;Aesculioside IIIf;C57H88O23;74754
833;Nephila polyamine toxin-1;C29H48N8O5;74248
834;TCMDC-137228;C8H9Br2N;45112
835;Valeriotriate B;C27H42O12;82521
836;TCMDC-142565;C19H12FN3OS2;21466
837;Cinepazic Acid;C18H24N2O6;22992
838;Bezafibrate;C19H20ClNO4;82152
839;Vaviloside B1/B2;C44H72O16;22912
840;TCMDC-134379;C14H23ClN4O3S;28478
841;TCMDC-132859;C28H30F3N5O2;14149
842;Indorenate HCl;C13H17ClN2O3;83091
843;TCMDC-133585;C24H22F6N4O4;96255
844;Solapalmitine;C28H59N3O;14197
845;TCMDC-136252;C27H32Cl2F2N4O2;93707
846;TCMDC-136938;C24H16F3N5O;55513
847;DNDI1417534;C19H20ClNOS;76126
848;ZINC 05092259;C10H6N6O3S;54390
849;TCMDC-123628;C26H18N2O5;51774
850;Benzo[B]Dibenzo[B,E][1,4]Dioxine-6,11-Dione;C16H8O4;91908
851;TCMDC-139223;C25H24ClF3N4O2;29859
852;Esulatin H;C38H56O17;10699
853;Datelliptium;C23H28N3O;78169
854;5-Beta-Flouroethylaminocamptothecin;C22H20FN3O4;91514
855;Hemiasterlin Methyl Ester;C31H48N4O4;87565
856;sinensol F;C34H34O5;5285
857;PaviosideA;C54H84O22;61225
858;TCMDC-138537;C16H13ClN6O2;8450
859;Dolutegravir Sodium;C20H18F2N3NaO5;94925
860;Fluindarol;C16H9F3O2;59001
861;Thiophene Carboxylic Acid;C5H4O2S;95844
862;TCMDC-124673;C26H30N6O;85029
863;TCMDC-132274;C24H28F3N3O4S3;29145
864;TCMDC-136540;C29H27F4N3O6;56100
865;Amadinone;C22H27ClO4;68299
866;TCMDC-132481;C24H17F3N4O2S;10598
867;Calicheamicin Theta 1;C57H78IN3O22S2;36619
868;Bensalan;C14H10Br3NO2;90254
869;Pemerid;C15H32N2O;97519
870;TCMDC-131519;C20H22ClF4NO3;93629
871;TCMDC-140211;C30H25N5O;15680
872;TCMDC-142681;C17H14N6O;19215
873;jolkinoate D;C34H54O5;21078
874;Methane Boronic Acid;CH5BO2;99685
875;CoASH;C21H36N7O16P3S;1345
876;Triafungin;C13H10N4;45711
877;24(Rs),25-Epiminolanosterol;C30H51NO;42492
878;DNDI64189;C26H22N4O;49224
879;DNDI94803;C22H27N3O3;69104
880;Tigapotide Triflutate;C84H120F3N21O36S3;94542
881;mimengoside D;C47H76O17;8549
882;Dulozafone;C20H22Cl2N2O4;51315
883;Isosorbide-Di-Phenylcarbamate;C20H20N2O6;4866
884;Ferriprox;C7H9NO2;89689
885;Volazocine;C18H25N;19286
886;Aleglitazar;C24H23NO5S;54149
887;DNDI1416906;C11H18N2;58247
888;DNDI63264;C15H15N3OS;21815
889;[123I]TPCNE;C16H19IN2O;88437
890;Bromohexylmaleic Anhydride;C10H13BrO3;85301
891;DNDI67004;C19H16Cl2N2O;82137
892;stigmastanol;C29H52O;62050
893;TCMDC-133548;C24H15F6N5;9904
894;Litronesib;C23H37N5O4S2;4864
895;(RS)-Tacrine(10)-Hupyridone;C32H44N4O;16583
896;TCMDC-131972;C27H27F4N5O3;22990
897;DNDI1417978;C20H19N3O4S;47938
898;4-Benzyl-Piperidine;C12H17N;54665
899;ZINC 08934313;C16H11Cl2N3O5S;18116
900;Fluoromar;C4H5F3O;93532
901;niruride;C38H42O17;57932
902;DNDI1417708;C20H22N3O2S;289
903;Chaetoviridin I;C23H27ClO8;96806
904;TCMDC-141360;C27H28Cl2N4O2;97803
905;Teicoplanin A3-1;C72H68Cl2N8O28;37154
906;2-(4-Chlorobenzylidene)Cyclopentylmethyl Ether;C13H15ClO;46248
907;TCMDC-125849;C29H41ClN2O4;12594
908;TCMDC-138601;C25H21ClF3N5O2;97616
909;TCMDC-124141;C18H17Cl3N4O5S;34703
910;TCMDC-139794;C36H37ClN6O;44759
911;Bisnafide;C32H28N6O8;10079
912;DNDI96737;C18H23N3O2;24763
913;TCMDC-139054;C24H28ClN3O;40831
914;Dodecanesulfonyl Fluoride;C12H25FO2S;19384
915;Pannosane;C15H24BrClO;68467
916;Decussine;C20H19N3;71302
917;Bromebric Acid;C11H9BrO4;54854
918;Cimipronidine;C7H13N3O2;53371
919;cabenoside D;C36H60O9;46191
920;DNDI1416922;C10H14N4O;82526
921;espintanol;C12H18O3;67056
922;Elomotecan;C29H32ClN3O4;83166
923;Lanperisone;C15H18F3NO;4359
924;ICI-205640;C25H30Cl2N2O4;62574
925;[3H]LTB4;C20H30O4T2;18454
926;TCMDC-138031;C19H32ClNO;78496
927;TCMDC-124463;C23H24F2N2O2;70411
928;Nocardimicin F;C43H67N5O10;60649
929;Lotronex;C17H18N4O;63075
930;DNDI1416961;C14H23N3;89890
931;Scutianthraquinone D;C61H52O20;21890
932;Arctiin;C27H34O11;76500
933;pescaprein III;C63H110O24;50234
934;Oleandrin;C31H46O9;2003
935;Brequinar sodium;C23H14F2NNaO2;59403
936;TCMDC-133309;C34H41ClN8O2;45372
937;DNDI1417718;C18H21Cl2NO3;71203
938;TCMDC-135273;C35H39N3O;10056
939;TCMDC-134984;C28H26F4N4O3;17186
940;Enzacamene;C18H22O;70100
941;Parsidol;C19H25ClN2S;48687
942;TCMDC-134625;C24H23ClF3N5O3;11794
943;Porsapogenin 7;C49H77NO17;18770
944;W-212393;C27H28N4O2;77633
945;Sotradecol;C14H29NaO4S;6068
946;TCMDC-135626;C18H11BrCl2FN3O2S2;74787
947;Chymostatin;C31H41N7O6;11474
948;TCMDC-123756;C23H21N5O3S2;53753
949;Pyrophosphoric Acid;H4O7P2;84696
950;KMI-1256;C33H29BrN8O5;56203
951;Tirilazad Mesylate;C39H56N6O5S;1082
952;3-Nitrophenyl Sulfamate;C6H6N2O5S;45299
953;Tioperidone;C25H32N4O2S;28593
954;3-(3,4,5-Trimethoxyphenoxy)Benzo[B]Thiophene;C17H16O4S;99315
955;Mintanp;C75H117N27O19S4;62370
956;1-(Phenylsulfonyl)Proline;C11H13NO4S;32161
957;Hyptolide;C18H24O8;29421
958;Muraxanthone;C26H22O13;37303
959;1-(4-Fluorophenyl)Maleimide;C10H6FNO2;67777
960;kansuinin F;C42H48O14;28481
961;TCMDC-131789;C17H22ClN5O2;18308
962;2-((4-Chlorophenyl)(Hydroxy)Methyl)Acrylonitrile;C10H8ClNO;78764
963;CNQX disodium;C9H2N4Na2O4;84011
964;Fosquidone;C28H22NO6P;7402
965;Sodium 4-Methylphenyl Phenoxycarbonylphosphonate;C14H12O5P.Na;29849
966;DNDI1417618;C15H21N3O3S2;74604
967;SB-224289 HCl;C32H33ClN4O3;56282
968;Amuresin G;C42H32O9;91360
969;strychnofuranine;C39H46N4;90718
970;TCMDC-140047;C28H27N5OS;92720
971;Butylscopolamine;C21H30NO4;1039
972;Azadirachtin O;C35H46O15;7061
973;Terpendole E;C28H39NO3;81922
974;Salagen;C11H16N2O2;39225
975;Garcinielliptone FA;C29H42O2;71671
976;1-Chlorohexane;C6H13Cl;67244
977;2-Amino-Thiazole Dihydroptychantol A Dimethyl Ether;C31H26N2O4S;16613
978;TCMDC-125482;C6H7NO4;88253
979;Nitromifene Citrate;C33H36N2O11;35530
980;Lexacalcitol;C29H48O4;62568
981;Zolamine HCl;C15H22ClN3OS;48852
982;TCMDC-136288;C20H14ClN7S;90474
983;Co-Trimoxazole;C24H29N7O6S;88108
984;Leu-Gly-Leu;C14H27N3O4;4206
985;Murucin 2;C61H106O25;2047
986;Stannous Fluoride;F2Sn;44323
987;Guanidinoethyl Disulfide Dihydrobromide;C6H17BrN6S2;98276
988;(+)-(S)-Boehmeriasin A HCl;C24H28ClNO3;66319
989;TCMDC-140074;C27H30Cl2N4O;82898
990;Mycospor;C22H18N2;79497
991;Euroabienol;C25H34O8;99176
992;Eluxadoline;C32H35N5O5;2894
993;N1-dodecylgramine;C23H38N2;74856
994;5-Chloroisoindigo;C16H9ClN2O2;68340
995;Benzothiazole;C7H5NS;72349
996;Vitamin E Quinone;C29H50O3;17444
997;DNDI69993;C19H26N2O;80579
998;DNDI1417043;C14H11N5O;53789
999;TCMDC-125863;C10H10O2S;52069
1000;Triton X;C16H26O2;49725
1001;Notabilisin B;C30H36O7;87188
1002;Maklamicin;C32H44O6;72952
1003;TCMDC-131364;C14H18BrClN4O2;53202
1004;TCMDC-131810;C32H52N10;92332
1005;Enefexine;C13H19N;47614
1006;Rostratin A;C18H24N2O6S2;99381
1007;Sapintoxin C;C30H37NO7;84475
1008;2,2'-Oxybis(2,1-Phenylene)Bis(Methylene)Dicarbamimidothioate Hydrobromide;C16H19BrN4OS2;11449
1009;TCMDC-135479;C31H35ClN4O3;70356
1010;Methylarachidonyl Fluorophosphonate;C21H36FO2P;49421
1011;DNDI1417931;C22H17ClFN3O;19435
1012;Seproxetine;C16H16F3NO;58779
1013;DNDI61898;C21H28N2O2;37069
1014;Eucomic acid;C11H12O6;57435
1015;Davalintide;C152H248N50O49S2;96911
1016;(E)-(3,5-Dimethoxystyryl)(Phenyl)Sulfane;C16H16O2S;39921
1017;Phelligrin A;C22H18O6;67558
1018;Omarigliptin;C17H20F2N4O3S;56516
1019;Butyryl-carnitine;C11H21NO4;66142
1020;Deazaxanthine;C6H5N3O2;63411
1021;NEU-0000342;C28H30N6O3;24229
1022;Resorcin;C6H6O2;23186
1023;TCMDC-142704;C17H15N3O3S2;86097
1024;Methyl N'-[(Dimethylamino)Sulfonyl]Imidocarbamate;C4H11N3O3S;17318
1025;TCMDC-135650;C30H39ClN4O7S;28344
1026;DNDI70204;C17H22N2O4;85701
1027;Ipazilide Fumarate;C28H34N4O5;80010
1028;TCMDC-124696;C23H32BrN3O2;38944
1029;Avosentan;C24H22N4O5S;88046
1030;TCMDC-135096;C24H25ClF2N4O4S;75934
1031;Gleditsia Saponin C;C94H148O43;85613
1032;CID 660258;C14H10ClN3O;45591
1033;oceanapamine;C22H34F3N3O2;28886
1034;Gliocladine E;C23H20N4O3S4;40161
1035;TCMDC-132088;C29H35Cl2N3O7;38769
1036;TCMDC-138930;C38H37ClN4O8S;1343
1037;1,10-Bis(4-Aminopyridinium)Decane Dibromide;C20H32Br2N4;75139
1038;Gemonil;C9H14N2O3;85043
1039;TCMDC-124762;C24H19ClN4O2S2;6092
1040;TCMDC-123510;C18H14F3N5O6;37773
1041;TCMDC-140090;C20H26BrClN4O;71257
1042;Dimethyl 2-(2-Fluorobenzylidene)Malonate;C12H11FO4;88514
1043;Arylomycin C16;C46H68N6O11;65874
1044;TCMDC-142835;C20H18N2O4S;76613
1045;Zankiren;C35H55N5O6S2;76331
1046;Eltenac;C12H9Cl2NO2S;6477
1047;Galantide;C104H151N25O26S;72793
1048;2-Cycloheptylidene-Butyric Acid;C11H18O2;45724
1049;TCMDC-132043;C20H33NO4;60917
1050;Citrazinic Acid;C6H5NO4;36758
1051;Ibu;C13H18O2;9501
1052;DNDI156169;C14H15N3O2S;44796
1053;Phaeantharine;C39H40N2O6;76890
1054;Sydnone;C3H4N2O2;80914
1055;5'-Dihydrodesmethylenehygromycin A;C22H31NO12;20147
1056;Primulanin;C46H74O17;4662
1057;Pataday;C21H24ClNO3;38706
1058;Susalimod;C21H16N2O5S;74358
1059;Noreugenin;C10H8O4;62500
1060;Picropodophyllic Acid Pyrrolidinyl Amide;C26H31NO8;12297
1061;Barium Hydroxide Lime;BaH2O2;43624
1062;TCMDC-142036;C16H14N4O4;41216
1063;TCMDC-139319;C21H30Cl3N3O4S;54572
1064;stachysoside D;C36H48O19;39834
1065;Scammonin I;C50H84O21;44618
1066;Chloroeremomycin;C73H88Cl2N10O26;29891
1067;DNDI1417687;C19H14N2O4S;60005
1068;leonticin C;C77H126O41;56029
1069;Figopitant;C27H31F6N3O;60005
1070;2,2-Dibromo-Acetamide;C2H3Br2NO;25884
1071;Campral;C10H20CaN2O8S2;59001
1072;Demethylvancomycin;C65H73Cl2N9O24;26821
1073;DNDI67875;C25H23BrN2O2;58377
1074;Aletamine;C11H15N;20049
1075;TCMDC-138583;C29H32ClN5O2;64600
1076;Sulfaguanole;C12H15N5O3S;98189
1077;TCMDC-142406;C16H9BrF3N3O2;87597
1078;Benzothiazolylcysteine;C10H10N2O2S2;69233
1079;TCMDC-139098;C14H15BrN2;49286
1080;TCMDC-138586;C22H19FN4O3;30027
1081;Moctanin;C46H92O16;56660
1082;MRS-4074;C18H27ClN5O6P;62237
1083;TCMDC-136475;C28H26F3N3O4S;10330
1084;Fenclonine;C9H10ClNO2;12552
1085;DNDI92777;C20H20N4O2;92434
1086;Bastadin 4;C34H25Br5N4O8;9116
1087;Acridine Dimer;C38H42Cl2N6O2;70824
1088;4-(1-Methylpyridinium)Phenylmethanethiosulphonate Iodide;C13H14NO2S2.I;46143
1089;DNDI1303289;C17H12Cl2O2;33392
1090;DNDI1268121;C18H12Cl2FN;36797
1091;E-3174;C22H21ClN6O2;41412
1092;Varixanthone;C26H28O8;8394
1093;Oxydipentonium Chloride;C16H38Cl2N2O;28015
1094;Di(adenosin-5'-yl)disulfide;C20H24N10O6S2;32482
1095;Hydrazidomycin A;C27H52N2O3;68372
1096;TCMDC-125749;C14H12ClN3O4S;81207
1097;TCMDC-141535;C26H30F3N3O5;53268
1098;TCMDC-135444;C21H15F6NO3;42996
1099;Clostebol;C19H27ClO2;99335
1100;Oleoyl-D-Valinolamide;C23H45NO2;53009
1101;1-(D-Serinyl)Desleucylaglucovancomycin Trifluoroacetate;C52H47Cl2F3N8O20;49024
1102;Fluocortolone Caproate;C28H39FO5;39093
1103;DNDI1094346;C26H33N3O2;16302
1104;DNDI1417526;C19H21FN2OS;44353
1105;TCMDC-124042;C19H23F6N3O2;21821
1106;DNDI61761;C14H18BrN3O;28495
1107;Ekeberin D5;C32H56O6;2702
1108;Codactide;C101H158N30O23S;73024
1109;Symclosene;C3Cl3N3O3;83234
1110;Gallium Nitrate Hydrate;GaH2N3O10;46774
1111;2-{[{[Amino(Imino)Methyl]Amino}(Imino)Methyl]Amino}Ethanesulfinic Acid;C4H11N5O2S;57
1112;Exatecan Mesylate;C25H28FN3O8S;92964
1113;TCMDC-138929;C14H11N3;49203
1114;Rifabutin N-Oxide;C46H62N4O12;75547
1115;TCMDC-123565;C22H23BrN2O2;55996
1116;TCMDC-131900;C30H32F3N5O5S;28179
1117;2-(P-Methylsulfonylbenzoyl)Furan;C12H10O4S;91973
1118;TCMDC-139342;C21H23BrClN5O;30948
1119;Phenamazoline HCl;C10H14ClN3;76353
1120;Cephapirin Benzathine;C33H37N5O6S2;55302
1121;Ianthelliformisamine C;C30H38Br4N4O4;15292
1122;TCMDC-132663;C23H21ClN6O;5462
1123;TCMDC-140669;C27H31F7N2O5;23243
1124;DNDI1454120;C19H16ClF2N3O2;44868
1125;Norvasc;C26H31ClN2O8S;6596
1126;altaicalarin D;C27H36O9;48521
1127;(22S,23S)-3alpha-fluorohomocastasterone;C29H49FO3;93428
1128;Clethramycin;C63H99N3O18S;66728
1129;TCMDC-140193;C28H35ClN4S;33773
1130;TCMDC-141132;C33H36FN5O4S;83058
1131;9-Hydroxyoctadecanoic Acid;C18H36O3;52340
1132;Ilotycin;C44H81NO21;75696
1133;Guanin-Elliptinium;C28H27N7O9P;60786
1134;Certonardosterol D3;C29H52O4;59420
1135;Hexadecanoyl Doxorubicin Amide;C43H59NO12;74652
1136;Batefenterol;C40H42ClN5O7;12112
1137;Tru;C75H70N6O6;28168
1138;DNDI1417028;C14H13NO2S;79839
1139;Ticar;C15H16N2O6S2;19856
1140;TCMDC-140016;C25H33N3O2;84762
1141;Robustine;C12H9NO3;75853
1142;TCMDC-132958;C30H23F6N3O4S;64719
1143;BVDU;C11H13BrN2O5;248
1144;Egualen;C15H18O3S;55932
1145;TCMDC-135041;C26H27F5N4O3;87350
1146;Surexin;C27H20N4O;43125
1147;TCMDC-138994;C10H8Cl2N4;97512
1148;Iofratol;C31H36I6N6O13;3459
1149;4-Sulfamoyloxy-Benzoic Acid Propyl Ester;C10H13NO5S;22387
1150;Mervan;C11H11ClO3;10979
1151;Esomeprazole Potassium;C17H18KN3O3S;29945
1152;Aerophobin 1;C15H16Br2N4O4;93270
1153;Estradiol and NADH;C39H53N7O16P2;85338
1154;Tesnol;C16H22ClNO2;93944
1155;Ribaverin;C8H12N4O6;68322
1156;Citrinalin A;C27H32F3N3O7;3276
1157;Caricotamide;C8H11N3O2;96843
1158;Enprofen;C17H14O3;75651
1159;Harunganin;C30H36O4;56145
1160;Hexahydroradicicol;C18H23ClO6;60032
1161;Ma'edamine B;C22H22Br3N3O3;66092
1162;TCMDC-136528;C27H30ClFN4O2;60202
1163;TCMDC-124324;C19H19F3N2O3S;85839
1164;(+)-Jasplakinolide Z5;C36H45BrN4O8;49210
1165;N-(4-Carboxyphenyl)Rhodanine;C10H7NO3S2;93076
1166;TCMDC-141141;C45H46F5N3O8;54081
1167;Alpidem;C21H23Cl2N3O;79861
1168;TCMDC-136527;C23H27ClF2N4O2;17573
1169;Neritaloside;C32H48O10;52067
1170;Phosphoribosyl Pyrophosphate;C5H13O14P3;56168
1171;Razadyne;C17H22BrNO3;77693
1172;Tisocromide;C19H30N2O6S;76026
1173;3-Nitrooxy-Propylamine Nitric Acid;C3H9N3O6;69844
1174;4-(Benzyloxy)Phenyl 2-Phenylethenesulfonate;C21H18O4S;37227
1175;(+/-)-Laetirobin;C44H32O12;79406
1176;TCMDC-131915;C24H23BrClN3O4;51131
1177;Cylindrocyclophane C4;C36H52Cl4O5;52731
1178;TCMDC-124195;C23H18BrN7O2;50858
1179;DNDI1465511;C19H20ClFN4O;13004
1180;Darsidomine;C9H16N4O;33807
1181;Rubianol-E;C34H54O7;18297
1182;splenocin E;C28H32N2O9;55478
1183;Oleyl Sulfate;C18H36O4S;31855
1184;Hedulin;C15H10O2;13137
1185;Galanin;C146H213N43O40;74800
1186;2-Hydroxysaclofen;C9H12ClNO4S;5271
1187;Methyl 2-(Tert-Butoxycarbonylamino)Octadecanoate;C24H47NO4;83456
1188;GVS;C25H30ClN3;1181
1189;TCMDC-125185;C25H18N4O3;32028
1190;TCMDC-141712;C28H28Cl3N3O2;84601
1191;TCMDC-136174;C28H29F6N5O4;95880
1192;TCMDC-140804;C30H35N3O4;28504
1193;SB-293671-A;C20H24BrClN2O2;92339
1194;Trepipam Maleate;C23H27NO6;81636
1195;TCMDC-141458;C32H32F3N3O2;93705
1196;Arsenic;AsH3;8251
1197;psammaplysene C;C28H38Br3N3O3;48870
1198;5-Iodovanillin;C9H9IO3;18500
1199;TCMDC-124499;C23H29FN2O4;71696
1200;(+)-Muqubilone B Diol;C25H46O6;18662
1201;nervilifordin C;C28H32O17;51494
1202;6-Cinnamoylhernandine;C29H31NO8;40382
1203;Veratramine;C27H39NO2;16849
1204;TCMDC-124817;C24H23N3O2S;39616
1205;DNDI1388397;C19H12ClFN2O;13330
1206;Zoliprofen;C12H11NO3S;54369
1207;6-Oxynitidine;C21H17NO5;73065
1208;5'-Oxy-5'[(Hydroxypyrophosphoroxy)Phosphinyl]Adenosine;C9H14N5O13P3;30895
1209;Unisom;C21H28N2O5;16717
1210;Isovouacapenol D;C27H30O4;54133
1211;1,3-Propanediphosphonic Acid;C3H10O6P2;76749
1212;2-BFi;C11H10N2O;62886
1213;Vertine;C26H29NO5;45491
1214;Furaltadone;C13H16N4O6;9513
1215;2,4-Dichlorobenzyl Carbamimidothioate;C8H8Cl2N2S;39417
1216;[3H]-Astemizole;C28H28FN4OT3;33084
1217;Hexamethonium;C12H30N2.2Cl;25341
1218;DNDI1416970;C13H21N2O2;13701
1219;8-Br-cADPR;C15H19BrN5O13P2;69503
1220;TCMDC-135242;C27H24BrF9N2O3;56456
1221;parviflorene F;C30H34O3;40965
1222;TCMDC-141326;C44H48F5N3O8;90012
1223;Mauritine A;C32H41N5O5;10933
1224;R(+)-Butylindazone;C20H24Cl2O4;1559
1225;S-(2-Phenylthioacetyl)Thioglycolic Acid;C10H10O2S2;12310
1226;DNDI70395;C17H21N3O;25478
1227;TCMDC-133657;C21H18ClF4N3O4S;70918
1228;TCMDC-138728;C25H30N8O;62940
1229;AMG-7980;C19H22N4O2;77498
1230;Floxacrine;C20H13ClF3NO3;73028
1231;Ultane;C4H3F7O;16663
1232;3,3,3-Trifluoropropanoic Acid;C3H3F3O2;68655
1233;Piperamide;C17H28N4O;93167
1234;TCMDC-133028;C27H26F6N4O3S;8801
1235;TCMDC-141399;C23H25F3N6O7;63299
1236;Proklar;C9H10N4O2S2;30070
1237;TCMDC-140089;C20H26BrClN4O2;10805
1238;Schizarin C;C28H36O8;95601
1239;TCMDC-141377;C46H48F5N3O9;84745
1240;3-Iodocytisine;C11H13IN2O;17221
1241;TCMDC-123991;C14H15N5;80327
1242;DNDI1417913;C18H18BrFN2O2;86599
1243;Jiadifenin;C16H18O8;38381
1244;Luprostiol;C21H29ClO6S;76141
1245;Maxaquin;C17H20ClF2N3O3;53495
1246;Acetylguanidinium;C3H7N3O;91772
1247;Nor-Batzelladine L;C38H66N6O2;44464
1248;charantoside VI;C37H60O8;75445
1249;TCMDC-133316;C31H30ClF3N6O5;58487
1250;Bachharin B4;C29H40O11;49309
1251;Tolmesoxide;C10H14O3S;1433
1252;TCMDC-141198;C27H30ClF3N2O2;8991
1253;carbacrine;C31H33ClN4O;90723
1254;DNDI1330086;C16H11ClF3N3O;12735
1255;TCMDC-140702;C28H35N3O7;4543
1256;DNDI68894;C15H13N3O3;71465
1257;TCMDC-134187;C11H14BrN3OS;37019
1258;Protohypericin;C30H18O8;19132
1259;Candidone;C22H24O4;46600
1260;Tanshinone I;C18H12O3;90924
1261;Javanicoside E;C36H50O18;40694
1262;Hordenine;C10H15NO;61365
1263;DNDI1416993;C12H13N3OS;29723
1264;TCMDC-134305;C25H19F3N4O4;14567
1265;Clonixin;C13H11ClN2O2;30223
1266;Heptolamide;C15H22N2O3S;51246
1267;TCMDC-132102;C33H34N2O7;70087
1268;Aurilide C;C43H73N5O10;16489
1269;2-Bromo-Hexadecanoic Acid;C16H31BrO2;60442
1270;Betulalbusides A;C16H28O7;81377
1271;TCMDC-140794;C24H29ClF2N2O2;72430
1272;TCMDC-137558;C20H23BrN2OS;62956
1273;depyrrolo Pergolide;C20H29NO4S;11437
1274;Icogenin;C46H76O18;80900
1275;Cyclotheonamide E2;C42H56N10O9;58376
1276;TCMDC-135541;C30H43FN4O7S;41334
1277;DNDI154268;C23H18F2N4O2;54100
1278;2,2,3,3,4,4,5,5,6,6,7,7,8,8,8-Pentadecafluoro-Octanoic Acid Ethyl Ester;C10H5F15O2;1310
1279;Oxistat;C18H13Cl4N3O;25373
1280;Dapiprazole;C19H27N5;38863
1281;Denipride;C18H26N4O5;27002
1282;TCMDC-140406;C35H41ClFN5O2S;88247
1283;Oxyphenonium;C21H34NO3;19413
1284;A-317567;C27H31N3;99338
1285;TCMDC-138174;C28H30Cl2N2O3;14144
1286;TCMDC-141892;C28H32N8O3S;48085
1287;Tsitsikammamine A N-18 Oxime;C18H14ClN3O3;82601
1288;Benzotef;C11H14N3O2P;51147
1289;Pentacyone Chloride;C27H39Cl2N3O;31858
1290;3-Iodyl-Benzoic Acid;C7H5IO4;65217
1291;TCMDC-134514;C23H19FN2O3;27411
1292;TCMDC-123917;C26H26N4;91807
1293;TCMDC-125486;C20H15N3O3;98573
1294;Thio-NADP sodium;C21H27N7NaO16P3S;35198
1295;TCMDC-136033;C27H29F2NO2;2583
1296;DNDI1417026;C13H10FN3O2;25980
1297;2,6-Dichlorobenzoyl-Miliusol;C25H26Cl2O5;27957
1298;Bibapcitide;C112H162N36O43S10;90770
1299;Inogatran;C21H38N6O4;93502
1300;TCMDC-135259;C34H51N3O5;18846
1301;Medrol;C22H30O5;82983
1302;Khrinone D;C17H12O7;60952
1303;Reproterol;C18H23N5O5;90839
1304;Flavimycin A;C18H18O9;16280
1305;TCMDC-140628;C39H51F3N4O3;9038
1306;Sodium (S)-2-Hydroxysuccinate;C4H4Na2O5;2790
1307;Eptazocine;C15H21NO;58452
1308;Troxypyrrolium;C18H28NO5;16494
1309;DNDI66616;C15H15F3N2O;46655
1310;Indisulam;C14H12ClN3O4S2;41622
1311;Dihydrodeoxy-Griseolic Acid;C14H15N5O7;5559
1312;TCMDC-140401;C29H30N4O;52101
1313;eryciboside B;C30H34O17;86761
1314;Oxaprotiline HCl;C20H36ClNO;10475
1315;TCMDC-125570;C26H32N4O;84537
1316;Shishicrellastatin A;C56H83Na3O16S3;48251
1317;DNDI65986;C17H21F3N2O3;82280
1318;TCMDC-124582;C14H16ClN5;76968
1319;TCMDC-125857;C19H25ClN4O2;34315
1320;Oliganthin D;C31H34O8;29111
1321;TCMDC-132636;C26H24F4N2O3;98293
1322;kansuinin E;C41H47NO14;76820
1323;TCMDC-134714;C25H34F3N5O3;82453
1324;Chlorotris(4-(Methylthio)Phenyl)Stannane;C21H21ClS3Sn;99854
1325;TCMDC-141380;C25H29ClN2O2;24366
1326;Mitoclomine;C16H19Cl2NO;17965
1327;Benzopyrronium Bromide;C20H24BrNO3;31576
1328;Robustaside F;C32H32O13;89762
1329;Nafamostat Mesilate;C20H21N5O5S;72829
1330;Calcium Sulfate;CaO4S;61050
1331;Methylpiperazine;C5H12N2;12717
1332;TCMDC-141666;C20H30ClF3N2O2;38822
1333;Lexanopadol;C23H25FN2O;43031
1334;Seselidiol;C17H24O2;30100
1335;TCMDC-124057;C23H31ClN4S;83603
1336;TCMDC-141562;C24H27Cl2N5O5;91095
1337;hexasulfated diosmin;C28H26Na6O33S6;32301
1338;Leukerin;C5H4N4S;6722
1339;TCMDC-135604;C22H23N5O3S;29334
1340;TCMDC-133021;C28H31F3N4O3S;77108
1341;Phenbutazone Sodium Glycerate;C22H27N2NaO5;6903
1342;Pemaglitazar;C18H17F3O3S;66165
1343;4-Nitrobenzylselenocyanate;C8H6N2O2Se;77221
1344;DNDI1434964;C23H28F2N4O;53342
1345;Asaline;C22H33Cl2N3O4;38089
1346;Libecillide;C23H32N4O7S;63500
1347;Malyngamide C;C24H38ClNO5;95157
1348;DNDI1417767;C23H24N2OS;98945
1349;Tyrocidine A1;C67H89N13O13;21003
1350;Avermectin;C48H72O14;34328
1351;N'-(5-Benzofurazanylmethylidene)Isoniazide;C13H9N5O2;78209
1352;6-Benzenesulfonylamino-Hexanoic Acid;C12H17NO4S;59070
1353;D-aspartate;C4H7NO4;15616
1354;FTI-2102;C16H18N6S;93208
1355;Ditryptophenaline;C42H40N6O4;23003
1356;TCMDC-135061;C32H39ClN2O2S;57598
1357;1,3-Dimethyl N-Methylcarbamoyl Triazene(Dmm);C4H10N4O;73185
1358;Tremulacinol;C27H30O11;92376
1359;Integrilin;C35H49N11O9S2;4429
1360;Pyritidium;C26H27N7;25579
1361;Trimethyl-octyl-ammonium bromide;C11H26N.Br;77920
1362;Bromadoline;C15H21BrN2O;74362
1363;TCMDC-124337;C24H23N3O4S2;37230
1364;Dagapamil;C36H56N2O4;32712
1365;Biantrazole;C22H28ClN5O4;80592
1366;Coronone;C20H33BrO2;6004
1367;Alnovin;C25H19NO3;99951
1368;Salvinorin B 2-(Trimethylsilyl)Ethoxymethyl Ether;C27H40O8Si;39874
1369;Tetrahydro-NAD;C21H31N7O14P2;80573
1370;DNDI66360;C19H21F3N2O;23000
1371;Rucinol;C10H14O2;28378
1372;Trifluoperazine Dihydrochloride;C21H26Cl2F3N3S;65778
1373;Acrylonitrile;C3H3N;33980
1374;KNI-1909;C35H41ClN4O7S2;74230
1375;TCMDC-134473;C44H30F8N6O4;91419
1376;BAS 10232732;C17H15N5O3;22362
1377;Phenformin Acetic Acid Salt;C12H19N5O2;57626
1378;TCMDC-141760;C28H35Cl2N3O2;92743
1379;TCMDC-131795;C24H36N2O3;53039
1380;Dexamethasone-Spermine;C33H55FN4O4;82120
1381;DNDI1416915;C11H12N4;31786
1382;Potassium Aspartate And Magnesium Aspartate;C8H11KMgN2O8;82957
1383;intercedenside F;C55H85NaO27S;80385
1384;alamethicin F50;C92H151N23O24;54373
1385;(+/-)-o-methylanhalonidine;C13H19NO3.C4H4O4;41663
1386;Cotteslosin A;C35H47N5O7;6674
1387;DNDI1417607;C19H19FN4S;98797
1388;TCMDC-133509;C28H32F4N2O;683
1389;Disodium Laureth Sulfosucccinate;C22H40Na2O10S;52932
1390;DNDI1417614;C18H11BrO3;50071
1391;2-Methylene-Bicyclo[2.2.1]Heptane;C8H12;84700
1392;TCMDC-135608;C17H13N5O2S;49046
1393;Edivoxetine HCl;C18H27ClFNO4;72314
1394;TCMDC-140863;C22H27Cl2N3O3;55093
1395;Novantrone;C22H28N4O6;66098
1396;Guanidino-Tamiphosphor;C14H27N4O5P;41481
1397;TCMDC-137900;C18H22N4O3S;53720
1398;Carisbamate;C9H10ClNO3;55782
1399;Halisulfate 1;C31H47NaO6S;43628
1400;Carfentanil Citrate;C30H38N2O10;34638
1401;TCMDC-142673;C15H16F3N3;4893
1402;TCMDC-137233;C32H39ClN8;34383
1403;DNDI96968;C27H25N3O4;64226
1404;TCMDC-138312;C30H34ClN3O3;90619
1405;Afrinol;C10H17NO5S;28531
1406;Phenyl Vinyl Borinic Acid 8-Hydroxyquinoline Ester;C17H14BNO;23119
1407;TCMDC-131913;C23H20BrCl2N3O3;39632
1408;DNDI97581;C15H12F5N3O2;32015
1409;1,10-Di(1-Quinoliniumyl)Decane With Diiodide Ions;C28H34N2.2I;11525
1410;TCMDC-133507;C28H33ClN2O2;14227
1411;Imuracetam;C11H18N4O3;17378
1412;Sweeta;C7H5NO3S;21795
1413;TCMDC-141823;C29H27Cl2F3N4O3;8692
1414;6-Fluoroisoindigo;C16H9FN2O2;33499
1415;8-Benzylaminoadenine;C12H12N6;1565
1416;TCMDC-137509;C23H26BrNO2;10962
1417;TCMDC-140661;C28H31ClF3N3O7;11749
1418;TCMDC-124894;C18H13N3OS3;62181
1419;Forit;C23H29N3O2;4300
1420;Salmotin;C14H21N3O6S;5885
1421;N-(2,4-Dibromophenyl)Benzenesulfonamide;C12H9Br2NO2S;85045
1422;Oleylphosphonocholine;C23H49BrNO4P;11072
1423;TCMDC-137827;C34H45ClN2O6;22286
1424;Nortopixantrone;C20H24N6O2;46971
1425;Clathridine;C16H15N5O4;91507
1426;DNDI1005483;C11H13NO2;10103
1427;Losartan 4-[2-(Nitrooxy)Ethyl]Benzoate;C31H30ClN7O5;95403
1428;5-Cyclohexylidenepentyl 2-(Trimethylammonio)Ethyl Phosphate;C16H32NO4P;74908
1429;5-Fluorouridine;C9H11FN2O6;83910
1430;TCMDC-133053;C35H28F6N4O3;66825
1431;Chlorotriphenylmethane;C19H15Cl;59730
1432;Heptan-3-one semicarbazone;C8H17N3O;94509
1433;TCMDC-138514;C32H33ClN4O2;50499
1434;Policresulen;C23H24O12S3;63652
1435;TCMDC-141554;C39H44F4N4O5;82859
1436;TCMDC-131741;C17H22Cl3N5O4;28317
1437;8-((2-Hydroxyethyl)Amino)Rifampin S;C45H61N5O12;59675
1438;TCMDC-123994;C19H17F3N4OS;95353
1439;TCMDC-125786;C16H19Cl3N2O3;78063
1440;Javanicoside D;C35H48O17;20171
1441;Caespitol;C15H25Br2ClO2;97141
1442;Ethenesulfinyl-Benzene;C8H8OS;50930
1443;TCMDC-131664;C9H12N4O3S;40085
1444;TCMDC-138474;C34H34N4O2;20447
1445;Novafed;C10H16ClNO;90473
1446;Cetraxate HCl;C17H24ClNO4;55769
1447;Stachydrine HCl;C7H14ClNO2;68467
1448;TCMDC-132663;C23H21ClN6O;96274
1449;Levopropylcillin Potassium;C18H21KN2O5S;17451
1450;Octreotide;C49H66N10O10S2;5831
1451;Stemocurtisinol;C22H31NO6;91072
1452;Sibiromycin;C24H33N3O7;65088
1453;[3H]-Citalopram;C20H20FN2OT;84779
1454;Dichloro(ethylenediamine) platinum (II);C2H6Cl2N2Pt;80128
1455;DNDI1417072;C11H16N2O2S2;92501
1456;Butropium;C28H38NO4;22562
1457;SB-253290-A;C24H24Cl2N2O2;36755
1458;2'-Deoxycethromycin;C42H59N3O9;78708
1459;[3H]NFPS;C24H21FNO3T3;51733
1460;TCMDC-138147;C32H33F6N5O3;93293
1461;Ustiloxin D;C23H34N4O8;14336
1462;DNDI102495;C16H16FN3O2S;28007
1463;TCMDC-135875;C27H30N2O3S;72689
1464;Astelin;C22H24ClN3O;79772
1465;Vesicare;C27H32N2O6;60384
1466;aspereline D;C44H78N10O11;90006
1467;Dysorone E;C30H42O4;1121
1468;Matesaponin 4;C59H96O26;78410
1469;Ladostigil Tartrate;C36H46N4O10;23536
1470;Lopirazepam;C14H9Cl2N3O2;91729
1471;TCMDC-124786;C27H27N5O3;35922
1472;TCMDC-139222;C25H27Cl2N3O2;75360
1473;Ejap-2;C28H36O9;28512
1474;Avandia;C18H19N3O3S;34667
1475;TCMDC-133407;C22H19ClF4N4O3;88177
1476;TCMDC-138834;C32H34F3N3O3;38165
1477;TCMDC-136528;C27H30ClFN4O2;93396
1478;nervilifordin C;C28H32O17;17051
1479;TCMDC-132171;C31H32ClN5OS;50482
1480;TCMDC-133572;C25H24ClF3N4O4;68088
1481;Methanethiosulfonic Acid O-Methyl Ester;C2H6O2S2;23966
1482;TCMDC-139439;C20H20Cl2N6O;827
1483;Octanoylamide;C7H15NO;77554
1484;SB-750140;C15H13N7O;95456
1485;DNDI1417419;C18H27N5O;52511
1486;DNDI1417550;C20H21N5O;18262
1487;Piperidin-1-ylmethylenediphosphonic acid;C6H15NO6P2;14516
1488;TCMDC-133442;C32H33F6N7O3;39513
1489;Karacoline;C22H35NO4;52376
1490;Formetorex;C10H13NO;32087
1491;TCMDC-134611;C26H25F4N3O3;72021
1492;(1R,2S)-N-Oleoylcyclopropanolamide;C19H37NO2;95182
1493;4-Phenylsulfamoyl-Benzoic Acid;C13H11NO4S;87795
1494;DNDI102479;C17H17N3O2S;94581
1495;Cipadesin K;C35H46O11;75911
1496;Tedatioxetine Hydrobromide;C18H22BrNS;6364
1497;Botcinic Acid;C20H34O8;98769
1498;TCMDC-132479;C28H34F3N3O5S2;68260
1499;TCMDC-138132;C31H35F3N4O4;69646
1500;TCMDC-139341;C23H26N4;18107
1501;Chlorphrifos Oxon;C9H11Cl3NO4P;64794
1502;Antiaroside G;C29H42O12;96534
1503;TCMDC-139441;C20H20FN3O5S;16825
1504;Neohesperidose;C12H22O10;55673
1505;NEU-0000337;C25H25F3N6O2;79053
1506;TCMDC-125112;C25H21N3O4S;67812
1507;Timobesone;C24H31FO5S;35476
1508;Lonapalene;C16H15ClO6;38010
1509;TCMDC-139456;C26H42N16S4;37869
1510;TCMDC-125238;C16H21Cl2FN2O;89002
1511;Berberrubine;C19H16NO4;53582
1512;Indirubin-5-Carboxylicacid;C17H10N2O4;79066
1513;TCMDC-132224;C30H35F4N3O5S;25878
1514;N-(4-Methoxyphenyl)Oleamide;C25H41NO2;86507
1515;AGN 197075;C10H12ClFN2OS;97114
1516;Patellamide G;C38H50N8O7S2;68717
1517;ZU-8512211;C23H29NO4S;93012
1518;Holocaine HCl;C18H23ClN2O2;45103
1519;Captamine HCl;C4H12ClNS;72730
1520;Tritetradecylthioacetyl Glycerol;C51H98O6S3;39618
1521;Glyoxal Bis(N-Nitrosophenylglycine);C18H18N8O4;28189
1522;12,20-O-Dibenzoylsarcostin;C35H42O8;61830
1523;TCMDC-140082;C29H30Cl3N5O2;17310
1524;Taxol;C47H51NO14;52477
1525;DNDI159577;C24H25F2N3O2;61323
1526;Deacetyl Chromomycin A3;C55H80O25;86064
1527;Gestrinone;C21H24O2;81578
1528;Ertugliflozin;C22H25ClO7;4684
1529;TCMDC-139906;C35H37N3O;9388
1530;Tantum;C19H24ClN3O;24399
1531;TCMDC-137629;C26H24N4O6;94418
1532;Octanoyl colistin nonapeptide;C48H90N14O12;9631
1533;DNDI154489;C16H13ClN4O2;72666
1534;TCMDC-135127;C27H27F3N4O3;44398
1535;Simocyclinone D8;C46H42ClNO18;55206
1536;DNDI1402167;C20H24F3N3;45895
1537;DNDI1435823;C20H26F2N4O2S;94094
1538;DNDI93031;C21H25ClN4O2;47299
1539;Gevotroline HCl;C19H21ClFN3;80911
1540;Guanidine;CH5N3;64556
1541;DNDI1435786;C24H25FN5;96408
1542;TCMDC-140661;C28H31ClF3N3O7;90463
1543;SB-713533;C23H33N3O;96149
1544;TCMDC-138775;C38H37F2N3O4;66910
1545;TCMDC-140377;C28H38F3N7O4;16275
1546;TCMDC-141396;C28H21Cl2N3O;67191
1547;TCMDC-125258;C16H14N4OS2;92202
1548;3'-(N-Acetylamino) Diospyrin Dimethyl Ether;C26H21NO7;42930
1549;Cismadinone;C21H27ClO3;2908
1550;Piprocurarium Iodide;C23H40I2N2O3;41844
1551;Bipinnatin-B;C24H26O10;61467
1552;TCMDC-125733;C18H16N2O4S;20038
1553;Nitroethanolamine;C2H6N2O3;53864
1554;eurysterol B;C27H43NaO7S;21854
1555;TCMDC-141003;C27H30FN3O;84971
1556;thiolactomycin 7;C21H32O2S;30696
1557;TCMDC-139817;C32H53ClN4O;19956
1558;(Diethylthiocarbamoyl)Methylene Diethylcarbamodithioate;C11H22N2S3;72532
1559;TCMDC-137086;C24H19N5OS;31956
1560;Velban;C46H60N4O13S;49294
1561;TCMDC-140321;C19H21ClN4OS;34945
1562;TCMDC-138492;C33H33N5O2;84975
1563;Astressin B;C183H305N47O55;72539
1564;Trifluoperazine Dihydrochloride;C21H26Cl2F3N3S;43281
1565;Carbifene;C28H34N2O2;92928
1566;TCMDC-124650;C25H32ClN3O;34667
1567;Co-3-Acetbenz;C12H10O4.6CH2O.2Co;74052
1568;L-Nitro Arginine Methyl Ester;C7H16ClN5O4;26336
1569;Squalamine;C34H65N3O5S;60667
1570;Methyl-Hydrazine;CH6N2;93110
1571;herbarumin II;C12H20O5;94457
1572;Rifadin;C43H58N4O12;86150
1573;Phosphoramidon Disodium;C23H32N3Na2O10P;55854
1574;DNDI67729;C17H16BrN3O;98975
1575;3,3,18,18-Tetramethyl-Icosanedioic Acid;C24H46O4;77620
1576;Bistratamide B;C27H32N6O4S2;94026
1577;Acetamidomethylboronic Acid;C3H8BNO3;45448
1578;TCMDC-142798;C13H16ClN3O;35741
1579;Minutissamide H;C60H102N12O16;46945
1580;TCMDC-134276;C34H46ClN5O7;84534
1581;Nagelamide O;C22H24Br3ClN10O4;40275
1582;Pretamazium Iodide;C29H29IN2S;45848
1583;TCMDC-131759;C17H28BrN5O2;80829
1584;2'-Phenyl-[2,4']Bibenzooxazolyl;C20H12N2O2;97588
1585;DNDI159690;C19H16FN3O2;58874
1586;Sodium Glucosulfone;C24H34N2Na2O18S3;81719
1587;DNDI1417717;C14H10BrClN2O3;5854
1588;Potassium Pancratistatin 4-O-Phosphate;C14H15KNO11P;20913
1589;(22,23-3H2)Dihydroazadirachtin;C34H42O16T2;9502
1590;antimony salt;Sb;54333
1591;MRS-4084;C16H23ClN5O6P;99668
1592;DNDI1416955;C14H17NO2;69696
1593;Glycylryanodine;C27H38N2O10;69208
1594;Cefacetrile;C13H13N3O6S;12781
1595;TCMDC-134938;C32H45N3O7S;90892
1596;DNDI1340248;C18H18ClN3;73277
1597;Ranestol;C16H16Cl6N2O2;36195
1598;Benzhydrocodone;C25H25NO4;35023
1599;Hymenidine;C11H13BrClN5O;76037
1600;Artilide;C19H34N2O3S;76317
1601;Moxonidine HCl;C9H13Cl2N5O;13556
1602;DNDI1703786;C23H29N5O2S;46699
1603;TCMDC-134655;C24H20ClFN4O3S;15322
1604;Acronine;C20H19NO3;76545
1605;Met-Asp;C9H16N2O5S;22267
1606;4-N-TMSBz-deoxycytidine;C19H25N3O5Si;23636
1607;TCMDC-123876;C19H13F3N2O;43087
1608;Zicronapine;C22H27ClN2;89774
1609;Glyoctamide;C16H24N2O3S;58209
1610;Glucitol Bis-Phosphate;C6H16O12P2;87288
1611;Nerispirdine;C17H18FN3;93331
1612;Solapalmitine;C28H59N3O;49704
1613;TCMDC-139417;C21H21Cl2F3N2O2;77155
1614;Gabexate;C16H23N3O4;79788
1615;TCMDC-124443;C26H38F3N3O;72260
1616;Dodecyl 6-(Decyloxycarbonyl)Hexanoate;C29H57NO4;62567
1617;TCMDC-133848;C27H27F3N4O2;69901
1618;TCMDC-143003;C19H18ClF3N4O2S;73246
1619;TCMDC-135782;C35H31F4N5O5;5523
1620;Caminoside C;C53H94O22;76720
1621;TCMDC-138083;C38H48N2O6S;79265
1622;Bizelesin;C43H36Cl2N8O5;34256
1623;Ethoxysilatrane;C8H17NO4Si;14060
1624;TCMDC-135288;C34H38ClN3O2;18397
1625;Dibutyl-Phenyl-Amine;C14H23N;90780
1626;TCMDC-139975;C32H40ClN3O3;79897
1627;Furazolium Chloride;C9H8ClN3O3S;6608
1628;Oberadilol;C25H30ClN5O3;60551
1629;Litoxetine;C16H19NO;94393
1630;Bupleuronol;C17H20O2;56522
1631;SB-657505;C18H15ClN2O;87588
1632;Marcophan;C8H16N3OPS;23614
1633;TCMDC-143047;C20H18F2N2O2;4279
1634;Petunidin;C16H13O7;3161
1635;Aconiazide;C15H13N3O4;96
1636;7-Phloroethol;C24H16O12;42729
1637;L-Glutamic Acid HCl;C5H10ClNO4;80372
1638;Sodium Benzyl(Methyl)Carbamodithioate;C9H10NNaS2;98218
1639;TCMDC-135446;C24H25ClF9NO5;4735
1640;TCMDC-141297;C25H37ClN4O;75887
1641;KMI-810;C39H48N8O9S;88634
1642;Terramycin;C22H22CaN2O9;46574
1643;TCMDC-142189;C23H24ClN5O5;39745
1644;Mimengoside B;C55H92O22;37790
1645;TCMDC-135283;C21H16N2O2;69385
1646;TCMDC-125388;C15H12F3N3O5;79446
1647;1,1'-Trimethylene-Bis(Thymine);C13H16N4O4;40691
1648;Rizatriptan Sulfate;C15H21N5O4S;79573
1649;TCMDC-125512;C16H12N4O3;75241
1650;Ferndex;C9H15NO4S;61047
1651;urantide;C51H66N10O12S2;6585
1652;Lycernuic Acid C Tetraacetate;C38H58O11;5717
1653;Phenyl (4-Chlorophenoxy)(Ethoxy)Phosphinecarboxylate Oxide;C15H14ClO5P;28923
1654;1,3-Dimethyl N-Methylcarbamoyl Triazene(Dmm);C4H10N4O;93329
1655;Cyprazepam;C19H18ClN3O;26550
1656;Purgin II;C140H224O54;11854
1657;Neo-Acridine;C38H58N8O12S;66934
1658;TCMDC-139796;C30H35Cl2N3O2;19907
1659;ADIBO-[18F]Fluorobenzamide;C28H25FN2O2;94080
1660;Maduramicin;C47H83NO17;73497
1661;Carbovir;C11H13N5O2;22191
1662;Sulbactam Benzathine;C24H31N3O5S;9416
1663;Serlopitant;C29H28F7NO2;3835
1664;Esuberaprost Sodium;C24H29NaO5;20159
1665;TCMDC-136767;C25H28N4S;19884
1666;Bengamide K;C22H40N2O4;25846
1667;TCMDC-133265;C29H24N4O3;92810
1668;DNDI96957;C17H26N4O2;58818
1669;Lachesine;C20H26NO3;4976
1670;1,12-Bis(3'-Ethylpyridinium)Dodecane Dibromide;C26H42Br2N2;91354
1671;DNDI1417449;C15H19ClF2N2O2;97266
1672;6-Cl-Purine Ribotide;C10H12ClN4O7P;46159
1673;Hexythiazox;C17H21ClN2O2S;1481
1674;KNT-5;C21H26ClNO4;66563
1675;Phelligridimer A;C52H32O20;86307
1676;DNDI102573;C20H21Cl2N3O4;41346
1677;TCMDC-124359;C25H21ClN4O3S;76135
1678;TCMDC-125738;C20H23NO4S;89143
1679;TCMDC-137567;C10H14ClN5O6S;93175
1680;TCMDC-134302;C19H19F7N4O3S;34857
1681;Sprycel;C22H26ClN7O2S;53906
1682;P-Nitrophenylphosphate;C6H6NO6P;80475
1683;TCMDC-134146;C22H31ClN6;46755
1684;Dichloroethylene;C2H4Cl2;328
1685;TCMDC-131909;C16H14BrCl2N3O2;28568
1686;4-((3,4,5-Trinitrobenzylideneamino)Methyl)Benzenesulfonamide;C14H11N5O8S;60508
1687;TCMDC-134209;C21H20Cl2F3N3O5S;6906
1688;TCMDC-141571;C27H39F3N6O7S;71105
1689;Gusanlungionoside C;C25H42O11;90464
1690;6-Acetonyldihydrochelerythrine;C24H23NO5;80489
1691;TCMDC-138857;C37H44F3N3O2;86789
1692;DNDI159465;C21H23N5O2;71236
1693;Jineol;C9H7NO2;38375
1694;KNI-10743;C40H53N5O6S;4531
1695;Octyl-3',4',5'-Trimethoxythiocinnamate;C20H30O4S;17232
1696;Buellin;C18H17Cl3O6;20110
1697;TCMDC-136189;C26H28ClF3N4O5S;53373
1698;Dersalazine;C36H33N5O4;88814
1699;Cobimetinib Fumarate;C46H46F6I2N6O8;65131
1700;Zofran;C18H19N3O;45278
1701;DNDI64500;C17H16F3N3O2;50290
1702;DNDI94873;C16H19N3O3S;75803
1703;Moxaverine;C20H21NO2;94534
1704;Trifezolac;C23H18N2O2;95875
1705;TCMDC-140151;C28H32N6O3;39687
1706;TCMDC-134294;C22H28BrF3N4O3S;11375
1707;3'-isocyano-ddThd;C11H13N3O4;1556
1708;Mulberrofuran J;C34H28O9;68847
1709;Oleoside Dimethyl Ester;C18H26O11;20421
1710;Bastadin-9;C34H28Br4N4O8;67369
1711;14Alpha-Hydroxygelsamydine;C29H36N2O7;79288
1712;Wrenchnolol;C45H63N5O6S;74334
1713;Implitapide;C35H37N3O2;84431
1714;1,2-Dipropoxydisulfane;C6H14O2S2;83196
1715;TCMDC-124837;C21H27FN4O;4764
1716;Isordil;C6H8N2O8;5861
1717;Etebenecid;C11H15NO4S;94120
1718;TCMDC-137995;C13H13N5;74456
1719;Petrotetrayndiol F;C47H76O2;3981
1720;Neochebulinic Acid;C41H34O28;68693
1721;siebolside B;C20H22O9;62868
1722;[1,4']Bipiperidinyl;C10H20N2;70537
1723;Rac-Huprine H6;C18H19FN2;73077
1724;TCMDC-141499;C28H29N3O4;42866
1725;1-Adamantane Acetic Acid Colistin;C56H100N16O13;86925
1726;Cratoxyxanthone;C48H50O13;17947
1727;subereaphenol C;C10H10Br2O4;67080
1728;Etifoxine;C17H17ClN2O;23658
1729;Oliganthin B;C33H38O7;81337
1730;2-Phenyl-Quinoxaline;C14H10N2;98900
1731;2-fluoro-HETA;C12H16FN5O4S;62600
1732;DNDI996854;C19H15FN2O;35449
1733;TCMDC-131948;C34H38O6S3;22153
1734;Rubrynolide;C17H28O4;84244
1735;Lateriflorone;C33H38O9;32711
1736;TCMDC-141470;C34H34ClN3O3;2022
1737;Picroside II;C23H28O13;67092
1738;TCMDC-124764;C19H19ClN2O5S3;70602
1739;Argentinic Acid A Methyl Ester;C37H60O7;96721
1740;DNDI1417062;C12H9Cl2NO2;95085
1741;7,12-O,O'dibenzyl-N-methylcoclaurine;C32H33NO3;74749
1742;DNDI1417797;C22H29N5O;38275
1743;Emapunil;C23H23N5O2;9241
1744;Neridronic Acid;C6H17NO7P2;62124
1745;TCMDC-141981;C23H28ClNO5;8543
1746;TCMDC-140102;C26H26Cl2FN5O2S;46779
1747;TCMDC-123461;C16H14ClN3;83999
1748;SB-T-2054;C51H55NO15;74652
1749;Segetalin H;C29H38N8O7;28653
1750;Monodral Bromide;C18H30BrNO3S;1693
1751;Bavisant Dihydrochloride;C19H31Cl2N3O3;81323
1752;TCMDC-139488;C26H25Cl2N3O2;29919
1753;Ionsys;C22H28N2O;72508
1754;7-Azaindole;C7H6N2;54089
1755;TCMDC-124113;C24H19ClN2O6S;83152
1756;Tenidap;C14H9ClN2O3S;25115
1757;Dipenine Bromide;C20H38BrNO2;96162
1758;32P;CrO4P;23745
1759;2'-methoxy-UTP;C10H17N2O15P3;42611
1760;TCMDC-139583;C29H32Cl3N3O2S;68224
1761;Platinol;Cl2H6N2Pt;49765
1762;De-O-Sulfonated Kotalanol;C12H25ClO9S;49396
1763;Baculiferin C;C40H27NO17S2;37262
1764;TCMDC-131867;C17H18ClN7O;29973
1765;1-Aminoethyl(4-Methoxybenzylcarbamothioyl)Phosphinic Acid;C11H17N2O3PS;51778
1766;TCMDC-140367;C36H42Cl2N4O2;16796
1767;TCMDC-140351;C30H32Cl2N4OS;44314
1768;Chaetoglobosin-540;C34H40N2O4;1989
1769;TCMDC-138217;C29H31Cl2N3O4;79708
1770;Aragusterol C;C29H47ClO4;33644
1771;TCMDC-131490;C19H22BrF4NO2;35470
1772;Sodium Orthovanad;Na3O4V;71743
1773;Dynorphin(1-8);C47H74N14O10;32443
1774;N-1-Propargyluracil;C7H6N2O2;12760
1775;TCMDC-133115;C30H24F4N6O2S;86503
1776;Cytadren;C13H16N2O2;18495
1777;Teralpherin;C29H33N9O12;20961
1778;Microxine;C8H11N5O4S;24372
1779;Cianergoline;C19H22N4O;30767
1780;Benzyl-Dithiocarbamic Acid Nonyl Ester;C17H27NS2;53606
1781;Haldol;C21H23ClFNO2;72387
1782;Marmin;C19H24O5;79260
1783;Discodermolide-3,7-Diacetate;C37H59NO10;45395
1784;Chartaceone A4;C28H26O6;87502
1785;TCMDC-131991;C29H30FN3O;32448
1786;TCMDC-141743;C23H24F6N2O4;57645
1787;4-Hexadecylamino-Benzamide;C23H40N2O;36625
1788;Columbamine Chloride;C20H20ClNO4;14892
1789;Stigmatellin;C30H42O7;14195
1790;beta-Endorphin;C158H251N39O46S;89907
1791;TCMDC-137756;C20H13NO;5945
1792;Kadsuphilol E;C34H34O11;56211
1793;TCMDC-123652;C17H19N5O5S;21295
1794;Methyl-Pentyl-Amine;C6H15N;24356
1795;Dibenziodolium Chloride;C12H8ClI;6186
1796;TCMDC-140258;C29H36N2O2;20813
1797;TCMDC-137339;C12H20N5O4P;90204
1798;Tetrangulol;C19H12O4;27032
1799;BMS-846372;C28H27F2N5O3;13058
1800;Pradimicin A;C40H44N2O18;13742
1801;N-2-Methylnaphthyl Strychnine Iodide;C32H31N2O2;22448
1802;Methyldiethyl Carbamodithioate;C6H13NS2;52221
1803;DNDI68904;C20H19N3O2;75229
1804;Plazomicin Sulfate;C25H50N6O14S;27280
1805;Pescaprein XXIX;C66H104O25;11596
1806;DNDI1417834;C19H20N4O5;56031
1807;Minecoside;C25H30O13;13541
1808;N-Palmitoylsphingosine;C34H67NO3;50295
1809;Quinacillin;C18H16N4O6S;59090
1810;Potassium Metabisulfite;K2O5S2;71593
1811;Flusalan;C14H8Br2F3NO2;53599
1812;TCMDC-133265;C29H24N4O3;86743
1813;SB-751148;C12H14N6O;6873
1814;Oxmetidine;C19H21N5O3S;54014
1815;TCMDC-141677;C23H32F6N2O2;30777
1816;O-Benzyl-Tyramine;C15H17NO;1236
1817;Dipentum;C14H10N2O6;16895
1818;TCMDC-134744;C26H31F3N6O3;84744
1819;Pseudaconitine;C36H51NO12;28084
1820;3-Fluoro-Piperidinium;C5H10FN;81092
1821;Acteinol;C33H50O6;25687
1822;Asunaprevir;C35H46ClN5O9S;17744
1823;Fexaramine;C32H36N2O3;31785
1824;Petiolin C;C22H32O5;10446
1825;Noroxyhydrastinine;C10H9NO3;37750
1826;Cyclooctene;C8H14;78448
1827;Razaxaban;C24H20F4N8O2;41605
1828;Dimethylane;C10H20O3;97168
1829;Tibeglisene;C18H15ClO4S;26391
1830;TCMDC-124362;C23H16ClN3O3;82626
1831;TCMDC-136354;C25H26ClF2N5O2;64453
1832;DNDI1417120;C12H14N2O4S;13318
1833;Lecozotan HCl;C28H30ClN5O3;31694
1834;Pachystermine B;C29H50N2O2;19116
1835;TCMDC-140400;C28H28N4O;59055
1836;Dyclone;C18H28ClNO2;19132
1837;Tafenoquine;C24H28F3N3O3;23535
1838;WR308294;C17H21N3O4S;75510
1839;Hookerianamide H;C24H38N2O2;94904
1840;Verubecestat;C17H17F2N5O3S;93005
1841;Cabotegravir;C19H17F2N3O5;20886
1842;TCMDC-136727;C30H31ClN4O3;77826
1843;1,2-Dibromohaemanthamine;C17H19Br2NO4;18325
1844;Cardonol 7;C25H42O;93587
1845;Penasin B;C30H56ClNO2;42651
1846;TCMDC-137174;C28H30F3IN2O4;38821
1847;TCMDC-131831;C17H21IN4;62118
1848;TCMDC-124516;C18H10F6N4O;69744
1849;Incivek;C36H53N7O6;58359
1850;TCMDC-142580;C18H14N4O2;11219
1851;Miloxacin;C12H9NO6;50731
1852;Meobentine Sulfate;C11H19N3O5S;77505
1853;Zeylasterone;C30H38O7;31998
1854;Australine HCl;C8H16ClNO4;77988
1855;Theopederin L;C31H47NO11;67004
1856;Isometheptene Mucate;C21H39NO16;24603
1857;P-Sulfonatocalix[4]Arene;C28H24O16S4;6530
1858;Saccharumoside A;C34H40O14;84210
1859;TCMDC-142365;C23H21F6N7O5;69165
1860;Ascidiacyclamide;C36H52N8O6S2;74197
1861;Scutianthraquinone D;C61H52O20;93140
1862;Daraprim;C12H13ClN4;82149
1863;TCMDC-139881;C30H33N3O4;73889
1864;Zygosporin D;C28H35NO5;67969
1865;TCMDC-124869;C24H23Cl2N5O;22646
1866;DNDI1417180;C18H16ClN2;36206
1867;TCMDC-124387;C20H21N3OS;26707
1868;Sarenin;C44H71N13O13;76912
1869;TCMDC-137699;C24H27N5O6S;60805
1870;Nobilisitine B;C21H25NO7;26166
1871;DNDI155518;C22H24N4O2;56520
1872;Glutril;C18H26N2O4S;58121
1873;Filiformin;C16H21BrO;47907
1874;Tilmicosin Phosphate;C46H83N2O17P;16833
1875;TCMDC-138773;C39H46F3N3O3;39034
1876;Aspulvinone E;C17H12O5;52575
1877;Albatrelin D;C44H58O4;22043
1878;6-(3-Chlorophenylurenyl)Saccharin;C14H10ClN3O4S;48326
1879;Tremerase;C21H27ClN2O4;61303
1880;TCMDC-135171;C31H41ClN4O4S;35387
1881;Cyclohexyl Heptadecanoate;C23H44O2;62994
1882;Alstiphyllanine L;C30H32N2O6;1473
1883;Eprolin;C29H50O2;63488
1884;Mibampator;C21H30N2O4S2;41324
1885;TCMDC-123685;C17H16ClNO2;85880
1886;DNDI1417092;C19H21N2;64089
1887;Beauvericin A;C46H59N3O9;96857
1888;pactimibe sulfate;C50H82N4O10S;39986
1889;Combretastatin A-4 Disodiumphosphate Ester;C19H21Na2O8P;21876
1890;anagliptin HCl;C19H26ClN7O2;8287
1891;TCMDC-139227;C26H31Cl2N3O2;51436
1892;Diethylthiambutene;C16H21NS2;65436
1893;DNDI1417418;C16H19N5O3;15245
1894;BIBT986;C25H31N7O3;98017
1895;TCMDC-137722;C12H13FN4;83328
1896;Nudol;C16H14O4;32208
1897;Elaeodendroside T;C32H44O10;36067
1898;Asiaticoside;C48H78O19;24932
1899;Libenzapril;C18H25N3O5;56963
1900;Octanoylamide;C7H15NO;89706
1901;Cis-Bis[[(Trimethylsilyl)Methyl]Amino]Tetrachloroplatinum(Iv);C8H26Cl4N2PtSi2;71065
1902;Cefsulodin Sodium Salt Hydrate;C22H21N4NaO9S2;55893
1903;KMI-1794;C33H47FN8O9;22645
1904;15-Chlorotajixanthone Hydrate;C25H29ClO7;78972
1905;TCMDC-123900;C25H22N2O5;18695
1906;theasaponins A2;C59H92O27;44746
1907;Isaindigotone;C20H18N2O4;33191
1908;Ur-4501;C14H16ClNO2S;92437
1909;Makaluvamine C;C13H12F3N3O3;18263
1910;Carmofur;C11H16FN3O3;81725
1911;Beta-L-d4MetC triphosphate;C10H16N3O12P3;40461
1912;Indicine N-Oxide;C15H25NO6;34933
1913;TCMDC-135023;C25H33F3N4O3;47409
1914;TCMDC-124376;C19H20ClN3O3S2;97928
1915;Bastadin 7;C34H26Br4N4O8;44649
1916;Acetic Acid 2-Benzenesulfonyl-Ethyl Ester;C10H12O4S;55848
1917;Daphnezomine K;C23H33NO5;18672
1918;cathenamine;C21H23N2O3;67262
1919;6'-Ocaffeoylgoodyeroside;C19H22O11;84973
1920;Nicotinic Acid Adenine Dinucleotide Phosphate;C21H27N6O18P3;41948
1921;(S)-Secoantioquine HCl;C37H39ClN2O8;39085
1922;TCMDC-131470;C21H24F3NO3;75449
1923;(3-Fluorophenyl) Vinyl Borinic Acid 8-Hydroxyquinoline Ester;C17H13BFNO;54758
1924;Etoglucid;C12H22O6;93768
1925;TCMDC-132089;C22H21Cl5N2O;35267
1926;TCMDC-134322;C25H30F6N2O3S;64871
1927;Hirsutalin H;C26H42O7;52876
1928;TCMDC-135575;C17H15N5O2S2;20931
1929;TCMDC-140279;C27H32Cl2F3N3O4;67440
1930;TCMDC-135578;C21H21N5O4S;87389
1931;Cinfenine;C25H27NO;17234
1932;TCMDC-142371;C17H25N5O;50922
1933;Mepacrine;C23H36Cl3N3O3;36757
1934;TCMDC-137691;C9H15ClN6O;86742
1935;DNDI1417767;C23H24N2OS;83526
1936;Pongapin;C19H12O6;62914
1937;Azetidine-2,4-Dicarboxylic Acid;C5H7NO4;74051
1938;TCMDC-136140;C26H27F6N5O5S;85561
1939;Alstiphyllanine L;C30H32N2O6;64577
1940;Carcainium Chloride;C18H22N3O2.Cl;56534
1941;TCMDC-125642;C21H21FO3;90628
1942;Excavatolide F;C30H40O11;75094
1943;TCMDC-131446;C20H24F3NO;84338
1944;Patriridoside E;C16H26O8;23626
1945;Tilade;C19H17NO7;15938
1946;3,13-Diacetylpseudaconitine;C40H55NO14;79128
1947;2,2-Dibromoallobetulone;C30H46Br2O2;20878
1948;TCMDC-137535;C19H16FNO2;19278
1949;Zerumin;C20H28O3;85374
1950;Adaprolol Maleate;C30H43NO8;34747
1951;Monanchocidin A;C49H83F3N6O10;43806
1952;Magainin 1;C112H178N30O27S;91893
1953;4-(4-Chlorophenylsulfonamido)Benzoic Acid;C13H10ClNO4S;54796
1954;Velutinam;C17H13NO4;8754
1955;Favipiravir;C5H4FN3O2;85898
1956;3-Phenylpyridine;C11H9N;82684
1957;Curtisian M;C30H30O12;22655
1958;Telmin;C16H13N3O3;87048
1959;secosterol;C28H48O4;95687
1960;2,5-Dimethoxybenzaldehyde N-Hydroxysemicarbazone;C10H13N3O4;48930
1961;Micropeptin SD1002;C51H70N8O13;20459
1962;Karaviloside I;C38H64O8;26789
1963;Zeylasteral;C30H38O6;47487
1964;2-(4-Chlorobenzylthio)Aniline;C13H12ClNS;49259
1965;Convolutamine I;C14H21Br3N2O;17051
1966;Betamethasone Butyrate Propionate;C29H39FO7;81000
1967;DNDI1417305;C20H18N4;84415
1968;4-Propoxyphenol;C9H12O2;94587
1969;Captan;C9H8Cl3NO2S;42398
1970;Butinoline;C20H21NO;48557
1971;KDN-21;C68H77N13O12;4320
1972;Enilconazole;C14H14Cl2N2O;65617
1973;TCMDC-139103;C30H34N4O3S;31470
1974;KNI-10737;C37H47N5O6S;78251
1975;Phenbutazone Sodium Glycerate;C22H27N2NaO5;87193
1976;DNDI1417400;C14H15BrO4;48395
1977;TCMDC-141813;C35H34F3N5O5S;51207
1978;Enadoline;C24H32N2O3;72367
1979;Woodylide A;C18H34O4;7845
1980;Acanthopanaxoside C;C40H62O13;2158
1981;5-Fluorowillardiine;C7H8FN3O4;19877
1982;TCMDC-140309;C32H38Cl2N4O3;47927
1983;Himbacine;C22H35NO2;95987
1984;Ipazilide;C24H30N4O;16296
1985;TCMDC-137881;C22H17ClF6N4;51864
1986;TCMDC-125836;C12H25N3O7S2;31122
1987;TCMDC-141916;C21H22ClF3N4OS;42326
1988;Indene;C15H18O;95408
1989;Spirorenone;C24H28O3;60173
1990;Indopine;C23H28N2;18849
1991;Callyspongynic Acid;C32H38O3;90062
1992;TCMDC-141157;C44H44F5N3O8S;48060
1993;TCMDC-135858;C28H35F3N8O5;64296
1994;Fosamprenavir Sodium;C25H34N3Na2O9PS;74100
1995;DNDI69424;C22H29N3O4;96970
1996;TCMDC-140484;C26H29F3N2O4;24583
1997;Eupachloroxin;C20H25ClO8;80160
1998;Zalospirone HCl;C24H30ClN5O2;45569
1999;2-Nitrooxy-Ethanesulfonic Acid;C2H5NO6S;7940
